"Table with row headers in column A, L, W, AH, AS, BD, BO, BZ, CK, CV, and DG, and column headers in rows 6 through 8 and 45 through 47.",,,,,,,,,,,,,,,,,,,,,,,,,,,,,,,,,,,,,,,,,,,,,,,,,,,,,,,,,,,,,,,,,,,,,,,,,,,,,,,,,,,,,,,,,,,,,,,,,,,,,,,,,,,,,,,,,,,,,,,,,,,,,,,,,
Table 1.  State-to-State Migration Flows1: 2014,,,,,,,,,,,Table 1.  State-to-State Migration Flows1: 2014,,,,,,,,,,,Table 1.  State-to-State Migration Flows1: 2014,,,,,,,,,,,Table 1.  State-to-State Migration Flows1: 2014,,,,,,,,,,,Table 1.  State-to-State Migration Flows1: 2014,,,,,,,,,,,Table 1.  State-to-State Migration Flows1: 2014,,,,,,,,,,,Table 1.  State-to-State Migration Flows1: 2014,,,,,,,,,,,Table 1.  State-to-State Migration Flows1: 2014,,,,,,,,,,,Table 1.  State-to-State Migration Flows1: 2014,,,,,,,,,,,Table 1.  State-to-State Migration Flows1: 2014,,,,,,,,,,,Table 1.  State-to-State Migration Flows1: 2014,,,,,,,,,,,Table 1.  State-to-State Migration Flows1: 2014,,,,,,,,
Dataset: 2014 American Community Survey 1-Year Estimates,,,,,,,,,,,Dataset: 2014 American Community Survey 1-Year Estimates,,,,,,,,,,,Dataset: 2014 American Community Survey 1-Year Estimates,,,,,,,,,,,Dataset: 2014 American Community Survey 1-Year Estimates,,,,,,,,,,,Dataset: 2014 American Community Survey 1-Year Estimates,,,,,,,,,,,Dataset: 2014 American Community Survey 1-Year Estimates,,,,,,,,,,,Dataset: 2014 American Community Survey 1-Year Estimates,,,,,,,,,,,Dataset: 2014 American Community Survey 1-Year Estimates,,,,,,,,,,,Dataset: 2014 American Community Survey 1-Year Estimates,,,,,,,,,,,Dataset: 2014 American Community Survey 1-Year Estimates,,,,,,,,,,,Dataset: 2014 American Community Survey 1-Year Estimates,,,,,,,,,,,Dataset: 2014 American Community Survey 1-Year Estimates,,,,,,,,
Universe: Population 1 year and over,,,,,,,,,,,Universe: Population 1 year and over,,,,,,,,,,,Universe: Population 1 year and over,,,,,,,,,,,Universe: Population 1 year and over,,,,,,,,,,,Universe: Population 1 year and over,,,,,,,,,,,Universe: Population 1 year and over,,,,,,,,,,,Universe: Population 1 year and over,,,,,,,,,,,Universe: Population 1 year and over,,,,,,,,,,,Universe: Population 1 year and over,,,,,,,,,,,Universe: Population 1 year and over,,,,,,,,,,,Universe: Population 1 year and over,,,,,,,,,,,Universe: Population 1 year and over,,,,,,,,
,,,,,,,,,,,,,,,,,,,,,,,,,,,,,,,,,,,,,,,,,,,,,,,,,,,,,,,,,,,,,,,,,,,,,,,,,,,,,,,,,,,,,,,,,,,,,,,,,,,,,,,,,,,,,,,,,,,,,,,,,,,,,,,,,
Current residence,Population 1 year and over,,Same house 1 year ago,,Same state of residence 1 year ago,,Different state of residence 1 year ago,,,,Current residence,Different state of residence 1 year ago (continued),,,,,,,,,,Current residence,Different state of residence 1 year ago (continued),,,,,,,,,,Current residence,Different state of residence 1 year ago (continued),,,,,,,,,,Current residence,Different state of residence 1 year ago (continued),,,,,,,,,,Current residence,Different state of residence 1 year ago (continued),,,,,,,,,,Current residence,Different state of residence 1 year ago (continued),,,,,,,,,,Current residence,Different state of residence 1 year ago (continued),,,,,,,,,,Current residence,Different state of residence 1 year ago (continued),,,,,,,,,,Current residence,Different state of residence 1 year ago (continued),,,,,,,,,,Current residence,Different state of residence 1 year ago (continued),,,,,,,,,,Current residence,Abroad 1 year ago,,,,,,,
,,,,,,,Total,,Alabama,,,Alaska,,Arizona,,Arkansas,,California,,Colorado,,,Connecticut,,Delaware,,District of Columbia ,,Florida,,Georgia,,,Hawaii,,Idaho,,Illinois,,Indiana,,Iowa,,,Kansas,,Kentucky,,Louisiana,,Maine,,Maryland,,,Massachusetts,,Michigan,,Minnesota,,Mississippi,,Missouri,,,Montana,,Nebraska,,Nevada,,New Hampshire,,New Jersey,,,New Mexico,,New York,,North Carolina,,North Dakota,,Ohio,,,Oklahoma,,Oregon,,Pennsylvania,,Rhode Island,,South Carolina,,,South Dakota,,Tennessee,,Texas,,Utah,,Vermont,,,Virginia,,Washington,,West Virginia,,Wisconsin,,Wyoming,,,Total,,Puerto Rico,,U.S. Island Area,,Foreign Country,
,Estimate,MOE,Estimate,MOE,Estimate,MOE,Estimate,MOE,Estimate,MOE,,Estimate,MOE,Estimate,MOE,Estimate,MOE,Estimate,MOE,Estimate,MOE,,Estimate,MOE,Estimate,MOE,Estimate,MOE,Estimate,MOE,Estimate,MOE,,Estimate,MOE,Estimate,MOE,Estimate,MOE,Estimate,MOE,Estimate,MOE,,Estimate,MOE,Estimate,MOE,Estimate,MOE,Estimate,MOE,Estimate,MOE,,Estimate,MOE,Estimate,MOE,Estimate,MOE,Estimate,MOE,Estimate,MOE,,Estimate,MOE,Estimate,MOE,Estimate,MOE,Estimate,MOE,Estimate,MOE,,Estimate,MOE,Estimate,MOE,Estimate,MOE,Estimate,MOE,Estimate,MOE,,Estimate,MOE,Estimate,MOE,Estimate,MOE,Estimate,MOE,Estimate,MOE,,Estimate,MOE,Estimate,MOE,Estimate,MOE,Estimate,MOE,Estimate,MOE,,Estimate,MOE,Estimate,MOE,Estimate,MOE,Estimate,MOE,Estimate,MOE,,Estimate,MOE,Estimate,MOE,Estimate,MOE,Estimate,MOE
,,,,,,,,,,,,,,,,,,,,,,,,,,,,,,,,,,,,,,,,,,,,,,,,,,,,,,,,,,,,,,,,,,,,,,,,,,,,,,,,,,,,,,,,,,,,,,,,,,,,,,,,,,,,,,,,,,,,,,,,,,,,,,,,,
United States2,"315,095,393","+/- 26,923","268,147,625","+/- 208,630","37,571,394","+/- 185,426","7,334,169","+/- 60,012","111,655","+/- 10,897",United States2,"92,637","+/- 9,491","203,810","+/- 12,009","65,198","+/- 6,104","593,308","+/- 21,701","173,332","+/- 10,357",United States2,"95,501","+/- 7,273","27,179","+/- 3,431","59,138","+/- 5,825","437,516","+/- 20,171","245,570","+/- 13,098",United States2,"60,739","+/- 5,271","56,887","+/- 5,985","323,468","+/- 14,689","136,869","+/- 8,574","76,960","+/- 7,152",United States2,"93,047","+/- 7,502","98,496","+/- 7,763","85,901","+/- 7,457","32,076","+/- 4,506","177,059","+/- 9,996",United States2,"153,736","+/- 8,754","173,337","+/- 10,888","121,319","+/- 6,694","72,543","+/- 7,224","154,226","+/- 9,989",United States2,"35,654","+/- 4,693","43,219","+/- 5,331","103,599","+/- 7,845","41,391","+/- 3,921","208,583","+/- 11,808",United States2,"70,144","+/- 6,507","424,074","+/- 16,390","248,938","+/- 14,394","27,685","+/- 2,886","207,006","+/- 11,104",United States2,"102,615","+/- 8,450","103,111","+/- 7,952","251,844","+/- 11,832","37,876","+/- 4,939","121,524","+/- 9,632",United States2,"31,154","+/- 4,134","160,057","+/- 10,783","435,107","+/- 16,107","79,697","+/- 6,973","20,424","+/- 3,203",United States2,"263,767","+/- 11,696","198,200","+/- 10,661","48,804","+/- 5,827","114,724","+/- 8,326","33,465","+/- 5,146",United States2,"2,042,205","+/- 32,993","83,844","+/- 8,510","16,858","+/- 3,642","1,941,503","+/- 30,408"
,,,,,,,,,,,,,,,,,,,,,,,,,,,,,,,,,,,,,,,,,,,,,,,,,,,,,,,,,,,,,,,,,,,,,,,,,,,,,,,,,,,,,,,,,,,,,,,,,,,,,,,,,,,,,,,,,,,,,,,,,,,,,,,,,
Alabama,"4,791,931","+/- 4,065","4,081,522","+/- 22,252","589,211","+/- 18,805","107,919","+/- 8,282",N/A,N/A,Alabama,"1,136",+/- 809,837,+/- 470,"1,450","+/- 1,175","5,402","+/- 2,260","2,019","+/- 1,504",Alabama,497,+/- 385,116,+/- 137,123,+/- 127,"14,403","+/- 2,750","20,220","+/- 4,130",Alabama,"1,034",+/- 659,508,+/- 423,"2,263","+/- 1,178","2,065","+/- 1,125",231,+/- 266,Alabama,496,+/- 401,"3,718","+/- 1,607","2,353",+/- 983,0,+/- 189,"1,318",+/- 702,Alabama,601,+/- 495,"2,559",+/- 997,264,+/- 398,"5,473","+/- 1,931","2,347","+/- 1,157",Alabama,0,+/- 189,284,+/- 295,617,+/- 727,250,+/- 318,635,+/- 364,Alabama,570,+/- 489,"2,283","+/- 1,046","2,418",+/- 944,0,+/- 189,"4,577","+/- 1,443",Alabama,"1,218",+/- 665,194,+/- 215,"1,444",+/- 849,0,+/- 189,"2,255","+/- 1,263",Alabama,0,+/- 189,"7,770","+/- 1,882","6,422","+/- 1,940",599,+/- 528,179,+/- 209,Alabama,"1,925",+/- 967,"1,143",+/- 830,"1,162",+/- 957,234,+/- 275,307,+/- 348,Alabama,"13,279","+/- 2,672",320,+/- 319,46,+/- 79,"12,913","+/- 2,648"
Alaska,"725,206","+/- 1,461","585,916","+/- 7,276","97,358","+/- 6,516","37,842","+/- 4,013",603,+/- 471,Alaska,N/A,N/A,"2,049","+/- 1,461",240,+/- 273,"3,419","+/- 1,073","2,017","+/- 1,129",Alaska,167,+/- 275,56,+/- 96,0,+/- 145,"2,681","+/- 1,174",535,+/- 505,Alaska,730,+/- 541,716,+/- 446,159,+/- 111,183,+/- 192,123,+/- 197,Alaska,380,+/- 548,917,+/- 784,844,+/- 764,131,+/- 139,300,+/- 270,Alaska,314,+/- 284,140,+/- 120,406,+/- 375,423,+/- 444,"1,706","+/- 1,225",Alaska,637,+/- 415,173,+/- 172,160,+/- 110,141,+/- 171,145,+/- 154,Alaska,217,+/- 289,168,+/- 153,802,+/- 599,144,+/- 238,568,+/- 528,Alaska,150,+/- 164,"2,034",+/- 804,567,+/- 560,78,+/- 78,910,"+/- 1,029",Alaska,157,+/- 181,355,+/- 315,"4,549","+/- 2,202",442,+/- 620,115,+/- 185,Alaska,684,+/- 369,"4,841","+/- 1,256",0,+/- 145,459,+/- 418,107,+/- 125,Alaska,"4,090","+/- 1,210",118,+/- 73,0,+/- 145,"3,972","+/- 1,205"
Arizona,"6,651,964","+/- 4,638","5,431,241","+/- 29,624","922,129","+/- 25,819","249,730","+/- 12,340",785,+/- 460,Arizona,"3,140","+/- 1,224",N/A,N/A,"1,180",+/- 712,"57,446","+/- 5,971","9,663","+/- 2,082",Arizona,458,+/- 414,500,+/- 411,185,+/- 156,"9,149","+/- 2,118","4,393","+/- 1,724",Arizona,"1,911",+/- 751,"3,825","+/- 1,572","11,858","+/- 2,689","2,431","+/- 1,266","2,739","+/- 1,755",Arizona,"2,355","+/- 1,261","2,366","+/- 1,339","1,454",+/- 771,762,+/- 826,"2,206",+/- 801,Arizona,"2,039","+/- 1,304","9,378","+/- 2,653","4,541","+/- 1,412",950,+/- 923,"6,000","+/- 2,376",Arizona,"1,399",+/- 705,"1,782",+/- 747,"7,013","+/- 1,451",875,+/- 513,"2,923","+/- 1,186",Arizona,"8,522","+/- 2,154","7,309","+/- 1,962","3,932","+/- 1,700","1,408","+/- 1,128","6,908","+/- 2,458",Arizona,"2,124","+/- 1,073","6,548","+/- 2,254","4,292","+/- 1,338","1,650","+/- 1,886","1,027",+/- 628,Arizona,"1,508","+/- 1,539","1,602",+/- 673,"16,411","+/- 3,638","5,118","+/- 2,054",661,+/- 598,Arizona,"3,202","+/- 1,088","13,152","+/- 2,949",32,+/- 55,"5,948","+/- 1,739","2,670","+/- 1,801",Arizona,"48,864","+/- 5,666",679,+/- 633,332,+/- 296,"47,853","+/- 5,605"
Arkansas,"2,931,123","+/- 2,667","2,464,189","+/- 16,201","383,087","+/- 15,050","74,741","+/- 6,045","2,145","+/- 1,468",Arkansas,66,+/- 89,782,+/- 644,N/A,N/A,"5,070","+/- 1,455","1,149",+/- 633,Arkansas,431,+/- 549,0,+/- 190,213,+/- 253,"2,611","+/- 1,286","2,013",+/- 917,Arkansas,283,+/- 374,0,+/- 190,"3,251","+/- 1,241",405,+/- 328,696,+/- 587,Arkansas,"1,491",+/- 545,398,+/- 307,"2,844","+/- 1,558",0,+/- 190,64,+/- 74,Arkansas,49,+/- 83,801,+/- 418,846,+/- 825,"2,962","+/- 1,389","9,565","+/- 2,393",Arkansas,232,+/- 301,0,+/- 190,229,+/- 308,0,+/- 190,244,+/- 283,Arkansas,778,+/- 544,"1,326",+/- 673,335,+/- 303,0,+/- 190,711,+/- 508,Arkansas,"8,530","+/- 2,450",254,+/- 287,816,+/- 533,0,+/- 190,543,+/- 544,Arkansas,0,+/- 190,"4,534","+/- 1,516","14,398","+/- 2,887",490,+/- 569,0,+/- 190,Arkansas,"1,250","+/- 1,089",777,+/- 610,303,+/- 418,822,+/- 406,34,+/- 64,Arkansas,"9,106","+/- 2,535",148,+/- 173,241,+/- 249,"8,717","+/- 2,536"
California,"38,340,324","+/- 10,835","32,849,251","+/- 61,601","4,659,084","+/- 58,901","513,968","+/- 18,847","10,439","+/- 6,281",California,"7,098","+/- 2,106","35,200","+/- 5,295","1,570",+/- 732,N/A,N/A,"17,500","+/- 3,349",California,"5,994","+/- 1,518","1,067",+/- 642,"4,219","+/- 1,175","25,622","+/- 3,917","8,669","+/- 2,201",California,"12,753","+/- 3,016","7,303","+/- 1,959","21,441","+/- 3,100","6,680","+/- 2,020","3,618","+/- 1,093",California,"6,836","+/- 2,633","3,217","+/- 1,411","4,884","+/- 2,192",761,+/- 370,"6,996","+/- 1,822",California,"10,750","+/- 2,035","11,601","+/- 2,666","9,449","+/- 1,832","2,336",+/- 827,"7,638","+/- 2,121",California,"2,862","+/- 1,561","3,143","+/- 3,164","29,985","+/- 5,544","1,119",+/- 709,"12,884","+/- 3,131",California,"4,744","+/- 1,485","34,201","+/- 4,144","12,550","+/- 2,488","1,112",+/- 649,"8,267","+/- 1,902",California,"6,511","+/- 1,767","21,028","+/- 3,448","14,858","+/- 3,233",817,+/- 427,"3,925","+/- 1,194",California,"2,964","+/- 2,532","5,620","+/- 1,791","38,990","+/- 4,867","14,273","+/- 3,942","1,041",+/- 598,California,"17,847","+/- 2,749","32,837","+/- 4,920",897,+/- 963,"6,451","+/- 2,007","1,401",+/- 705,California,"318,021","+/- 12,211","4,317","+/- 1,748","1,752","+/- 1,097","311,952","+/- 11,956"
,,,,,,,,,,,,,,,,,,,,,,,,,,,,,,,,,,,,,,,,,,,,,,,,,,,,,,,,,,,,,,,,,,,,,,,,,,,,,,,,,,,,,,,,,,,,,,,,,,,,,,,,,,,,,,,,,,,,,,,,,,,,,,,,,
Colorado,"5,293,943","+/- 3,847","4,263,998","+/- 25,609","777,699","+/- 21,108","218,728","+/- 12,727","1,004",+/- 584,Colorado,"2,696","+/- 1,588","12,304","+/- 2,860","1,956",+/- 849,"24,506","+/- 3,585",N/A,N/A,Colorado,832,+/- 561,254,+/- 291,"1,323",+/- 922,"9,304","+/- 2,460","5,057","+/- 1,581",Colorado,"2,943","+/- 1,219","1,365",+/- 812,"9,081","+/- 2,519","3,940","+/- 1,477","4,707","+/- 1,764",Colorado,"4,780","+/- 2,163","1,004",+/- 594,"2,066","+/- 1,273",194,+/- 164,"3,091","+/- 1,692",Colorado,"2,565","+/- 1,080","2,858","+/- 1,389","3,673","+/- 1,063",777,+/- 586,"4,900","+/- 1,560",Colorado,"2,733","+/- 1,212","2,896",+/- 950,"3,945","+/- 2,003",369,+/- 296,"2,212","+/- 1,325",Colorado,"7,069","+/- 1,515","9,519","+/- 2,855","4,974","+/- 1,810","1,059",+/- 650,"4,419","+/- 1,697",Colorado,"6,811","+/- 2,272","2,064",+/- 847,"4,244","+/- 1,644",0,+/- 192,"1,590",+/- 734,Colorado,"1,570",+/- 754,"2,297","+/- 1,171","24,431","+/- 4,180","2,926","+/- 1,010",720,+/- 394,Colorado,"7,328","+/- 2,550","8,768","+/- 2,426",110,+/- 153,"4,068","+/- 1,470","5,426","+/- 1,852",Colorado,"33,518","+/- 4,790",342,+/- 385,765,+/- 864,"32,411","+/- 4,654"
Connecticut,"3,558,915","+/- 2,621","3,111,779","+/- 13,932","334,207","+/- 11,288","82,746","+/- 8,190",275,+/- 255,Connecticut,"2,294","+/- 1,690",269,+/- 274,0,+/- 197,"3,683","+/- 1,139",464,+/- 296,Connecticut,N/A,N/A,282,+/- 234,212,+/- 188,"6,450","+/- 1,483","2,232","+/- 1,207",Connecticut,662,+/- 773,0,+/- 197,"2,059","+/- 1,172",177,+/- 167,104,+/- 149,Connecticut,0,+/- 197,636,+/- 809,150,+/- 150,"1,898","+/- 1,678","1,825",+/- 698,Connecticut,"8,381","+/- 2,591",28,+/- 66,858,+/- 598,66,+/- 110,844,+/- 602,Connecticut,0,+/- 197,0,+/- 197,541,+/- 548,"1,296",+/- 975,"5,473","+/- 1,356",Connecticut,0,+/- 197,"21,431","+/- 4,213","1,368",+/- 547,0,+/- 197,"1,064",+/- 821,Connecticut,260,+/- 347,555,+/- 327,"3,872","+/- 1,254","4,771","+/- 2,275",457,+/- 286,Connecticut,93,+/- 150,"1,325","+/- 1,087","1,696",+/- 930,241,+/- 257,825,+/- 523,Connecticut,"2,847","+/- 1,631",699,+/- 474,0,+/- 197,83,+/- 115,0,+/- 197,Connecticut,"30,183","+/- 4,320","4,210","+/- 2,202",82,+/- 121,"25,891","+/- 4,203"
Delaware,"924,770","+/- 1,262","810,905","+/- 7,547","77,246","+/- 6,680","32,166","+/- 3,413",46,+/- 76,Delaware,462,+/- 758,269,+/- 255,0,+/- 185,160,+/- 189,95,+/- 157,Delaware,954,"+/- 1,013",N/A,N/A,358,+/- 276,752,+/- 420,"1,455","+/- 1,141",Delaware,0,+/- 185,0,+/- 185,88,+/- 100,0,+/- 185,0,+/- 185,Delaware,0,+/- 185,105,+/- 175,0,+/- 185,14,+/- 24,"6,777","+/- 1,365",Delaware,"1,050",+/- 618,159,+/- 224,484,+/- 439,0,+/- 185,477,+/- 579,Delaware,0,+/- 185,54,+/- 89,29,+/- 47,483,+/- 537,"4,366","+/- 1,157",Delaware,58,+/- 68,"3,673","+/- 1,925","1,036",+/- 777,0,+/- 185,148,+/- 144,Delaware,224,+/- 357,7,+/- 12,"5,670","+/- 1,465",32,+/- 73,418,+/- 343,Delaware,0,+/- 185,277,+/- 446,737,+/- 552,0,+/- 185,0,+/- 185,Delaware,806,+/- 386,124,+/- 174,176,+/- 201,143,+/- 240,0,+/- 185,Delaware,"4,453","+/- 1,284",272,+/- 306,0,+/- 185,"4,181","+/- 1,250"
District of Columbia ,"648,586","+/- 1,757","513,634","+/- 7,913","67,286","+/- 5,744","56,234","+/- 4,603",251,+/- 232,District of Columbia ,92,+/- 110,186,+/- 206,106,+/- 172,"5,206","+/- 1,239",476,+/- 259,District of Columbia ,"1,336",+/- 599,290,+/- 273,N/A,N/A,"1,745",+/- 681,445,+/- 285,District of Columbia ,283,+/- 377,229,+/- 241,"1,768",+/- 846,525,+/- 343,96,+/- 153,District of Columbia ,133,+/- 145,375,+/- 348,689,+/- 493,167,+/- 185,"13,606","+/- 2,527",District of Columbia ,"1,575",+/- 659,334,+/- 236,414,+/- 283,71,+/- 118,195,+/- 181,District of Columbia ,84,+/- 137,111,+/- 93,593,+/- 817,154,+/- 159,"2,075",+/- 662,District of Columbia ,76,+/- 104,"3,562","+/- 1,035","1,670",+/- 629,44,+/- 73,286,+/- 205,District of Columbia ,78,+/- 130,130,+/- 153,"2,311",+/- 798,125,+/- 171,389,+/- 253,District of Columbia ,0,+/- 198,429,+/- 307,"1,311",+/- 609,445,+/- 414,0,+/- 198,District of Columbia ,"9,920","+/- 1,665","1,089",+/- 826,213,+/- 167,291,+/- 234,255,+/- 400,District of Columbia ,"11,432","+/- 2,238",39,+/- 66,148,+/- 152,"11,245","+/- 2,226"
Florida,"19,683,763","+/- 7,910","16,504,838","+/- 45,685","2,436,619","+/- 41,459","546,501","+/- 21,034","15,731","+/- 4,507",Florida,"7,883","+/- 2,832","7,902","+/- 2,112","1,911","+/- 1,189","23,239","+/- 4,563","9,260","+/- 3,005",Florida,"12,944","+/- 3,111","1,401",+/- 864,"1,897","+/- 1,633",N/A,N/A,"42,020","+/- 5,617",Florida,"2,180","+/- 1,070",915,+/- 565,"25,095","+/- 4,174","10,599","+/- 2,721","3,728","+/- 1,433",Florida,"2,879",+/- 942,"6,237","+/- 1,472","5,179","+/- 2,444","4,293","+/- 1,418","15,850","+/- 3,397",Florida,"15,606","+/- 3,007","23,791","+/- 4,458","5,399","+/- 1,599","5,623","+/- 2,001","8,481","+/- 1,859",Florida,161,+/- 161,"1,785","+/- 1,199","4,024","+/- 1,291","4,248","+/- 1,497","24,425","+/- 3,109",Florida,"1,336",+/- 873,"58,753","+/- 6,808","25,333","+/- 4,128",730,+/- 520,"27,438","+/- 4,331",Florida,"5,296","+/- 1,951","2,797","+/- 1,096","28,841","+/- 4,324","3,816","+/- 1,561","11,346","+/- 2,435",Florida,693,+/- 620,"13,711","+/- 2,536","25,175","+/- 3,870","2,926","+/- 1,289","2,319",+/- 971,Florida,"25,342","+/- 3,986","4,510","+/- 1,762","3,313","+/- 1,697","7,735","+/- 2,217",405,+/- 354,Florida,"195,805","+/- 13,262","27,596","+/- 4,710","4,398","+/- 2,127","163,811","+/- 11,519"
,,,,,,,,,,,,,,,,,,,,,,,,,,,,,,,,,,,,,,,,,,,,,,,,,,,,,,,,,,,,,,,,,,,,,,,,,,,,,,,,,,,,,,,,,,,,,,,,,,,,,,,,,,,,,,,,,,,,,,,,,,,,,,,,,
Georgia,"9,970,167","+/- 6,089","8,406,436","+/- 36,778","1,238,139","+/- 35,517","274,095","+/- 15,049","18,778","+/- 3,003",Georgia,"3,804","+/- 2,038","6,629","+/- 3,196","1,793","+/- 1,376","13,978","+/- 3,375","5,629","+/- 2,421",Georgia,"3,248","+/- 1,329","1,542","+/- 1,617",582,+/- 481,"45,495","+/- 6,056",N/A,N/A,Georgia,"1,528","+/- 1,343",532,+/- 372,"4,550","+/- 1,243","2,938","+/- 1,000",332,+/- 249,Georgia,"3,031","+/- 1,348","3,962","+/- 1,577","3,608","+/- 1,539",752,+/- 532,"5,247","+/- 1,877",Georgia,"4,290","+/- 1,850","7,618","+/- 2,911","1,288",+/- 532,"4,589","+/- 2,416","2,149","+/- 1,213",Georgia,189,+/- 192,"1,033","+/- 1,027","2,218","+/- 1,160",216,+/- 197,"4,249","+/- 1,379",Georgia,"1,586","+/- 1,058","14,399","+/- 3,053","14,421","+/- 3,199",495,+/- 448,"5,675","+/- 2,294",Georgia,"1,414",+/- 577,571,+/- 540,"7,914","+/- 2,794",427,+/- 342,"17,776","+/- 4,763",Georgia,452,+/- 385,"14,797","+/- 3,574","17,311","+/- 4,702",882,+/- 610,206,+/- 206,Georgia,"10,491","+/- 2,507","4,161","+/- 1,854","1,487","+/- 1,064","3,473","+/- 2,052",360,+/- 481,Georgia,"51,497","+/- 5,340","1,315",+/- 843,227,+/- 283,"49,955","+/- 5,363"
Hawaii,"1,401,004","+/- 1,966","1,198,766","+/- 10,297","131,974","+/- 8,488","58,144","+/- 5,069",510,+/- 375,Hawaii,"1,049",+/- 561,"3,126","+/- 1,414",0,+/- 181,"12,186","+/- 2,507","2,286","+/- 1,193",Hawaii,507,+/- 384,0,+/- 181,900,"+/- 1,320","3,235","+/- 1,931","2,876","+/- 1,396",Hawaii,N/A,N/A,286,+/- 316,939,+/- 506,"1,769","+/- 1,139",475,+/- 616,Hawaii,321,+/- 301,181,+/- 175,526,+/- 498,450,+/- 684,"1,061",+/- 692,Hawaii,160,+/- 140,944,+/- 714,60,+/- 86,370,+/- 431,366,+/- 245,Hawaii,125,+/- 183,268,+/- 368,"1,671",+/- 811,0,+/- 181,593,+/- 363,Hawaii,205,+/- 237,"1,992",+/- 813,"1,323",+/- 761,0,+/- 181,504,+/- 338,Hawaii,575,+/- 544,"1,063",+/- 505,682,+/- 572,159,+/- 183,681,+/- 460,Hawaii,0,+/- 181,"1,076",+/- 930,"3,834","+/- 1,379",542,+/- 341,0,+/- 181,Hawaii,"3,137","+/- 1,255","4,513","+/- 1,294",0,+/- 181,591,+/- 459,27,+/- 61,Hawaii,"12,120","+/- 1,939",262,+/- 269,971,+/- 508,"10,887","+/- 1,843"
Idaho,"1,613,068","+/- 2,061","1,335,689","+/- 14,615","207,055","+/- 13,624","64,633","+/- 6,253",166,+/- 243,Idaho,"2,966","+/- 1,913","3,506","+/- 1,449",110,+/- 130,"10,057","+/- 2,632","2,341","+/- 1,143",Idaho,37,+/- 67,37,+/- 55,0,+/- 190,377,+/- 308,162,+/- 179,Idaho,816,+/- 902,N/A,N/A,"1,747","+/- 1,068",251,+/- 307,343,+/- 387,Idaho,732,+/- 569,31,+/- 65,125,+/- 135,38,+/- 53,239,+/- 273,Idaho,41,+/- 51,415,+/- 423,467,+/- 235,141,+/- 104,710,+/- 731,Idaho,"3,531","+/- 1,340",120,+/- 197,"2,110",+/- 881,0,+/- 190,66,+/- 75,Idaho,294,+/- 235,463,+/- 421,"1,004",+/- 680,121,+/- 159,64,+/- 105,Idaho,"1,011","+/- 1,236","4,371","+/- 1,966",359,+/- 412,0,+/- 190,512,+/- 762,Idaho,409,+/- 455,"1,361","+/- 1,027","2,598","+/- 1,024","5,725","+/- 2,411",529,+/- 822,Idaho,572,+/- 556,"11,461","+/- 2,813",0,+/- 190,548,+/- 486,"1,549",+/- 871,Idaho,"5,691","+/- 1,235",90,+/- 151,0,+/- 190,"5,601","+/- 1,230"
Illinois,"12,730,206","+/- 5,665","11,021,611","+/- 32,616","1,430,902","+/- 30,345","209,536","+/- 11,110","1,566",+/- 763,Illinois,"3,205","+/- 1,388","2,834",+/- 924,"1,234",+/- 680,"15,669","+/- 2,311","4,066","+/- 1,340",Illinois,"1,386",+/- 934,434,+/- 501,"1,138",+/- 534,"14,350","+/- 2,619","4,394","+/- 1,500",Illinois,765,+/- 489,795,+/- 573,N/A,N/A,"19,221","+/- 3,823","6,471","+/- 1,298",Illinois,"2,624","+/- 1,066","2,403",+/- 761,"2,429","+/- 1,180","1,040","+/- 1,105","2,313",+/- 972,Illinois,"4,491","+/- 1,687","11,653","+/- 2,498","3,934","+/- 1,402","2,181","+/- 1,064","15,333","+/- 2,816",Illinois,"1,186",+/- 814,527,+/- 373,"2,284","+/- 1,138",24,+/- 40,"2,996","+/- 1,396",Illinois,532,+/- 306,"9,781","+/- 2,235","5,079","+/- 2,054",572,+/- 566,"8,414","+/- 1,832",Illinois,"2,739","+/- 1,359","1,132",+/- 657,"6,053","+/- 1,554",50,+/- 82,"1,857","+/- 1,029",Illinois,117,+/- 190,"4,872","+/- 1,664","12,270","+/- 2,606",613,+/- 470,355,+/- 317,Illinois,"3,669","+/- 1,256","3,065","+/- 1,020",177,+/- 167,"15,053","+/- 2,914",190,+/- 202,Illinois,"68,157","+/- 6,190","1,185",+/- 586,435,+/- 365,"66,537","+/- 6,184"
Indiana,"6,516,181","+/- 4,079","5,540,754","+/- 26,629","810,518","+/- 23,716","139,846","+/- 8,352","1,229",+/- 429,Indiana,295,+/- 299,"3,894","+/- 1,979",873,+/- 693,"6,372","+/- 1,952","1,799","+/- 1,029",Indiana,837,+/- 767,62,+/- 87,86,+/- 105,"8,690","+/- 2,293","2,592","+/- 1,063",Indiana,843,+/- 611,146,+/- 148,"38,177","+/- 5,406",N/A,N/A,"2,162","+/- 1,071",Indiana,868,+/- 562,"9,486","+/- 1,752",937,+/- 734,62,+/- 101,"2,271","+/- 1,527",Indiana,"1,402",+/- 654,"9,876","+/- 2,243",834,+/- 541,530,+/- 469,"1,754",+/- 702,Indiana,246,+/- 302,216,+/- 191,"1,297","+/- 1,063",921,+/- 658,"1,116",+/- 661,Indiana,331,+/- 376,"1,825",+/- 792,"3,332","+/- 1,185",214,+/- 242,"11,584","+/- 2,317",Indiana,611,+/- 468,831,+/- 385,"2,000",+/- 923,265,+/- 249,"1,115",+/- 834,Indiana,598,+/- 865,"3,844","+/- 1,260","5,011","+/- 1,420",671,+/- 620,217,+/- 308,Indiana,"1,687",+/- 782,"1,909","+/- 1,122",30,+/- 44,"3,283","+/- 1,252",615,+/- 757,Indiana,"25,063","+/- 3,166",77,+/- 128,0,+/- 187,"24,986","+/- 3,181"
,,,,,,,,,,,,,,,,,,,,,,,,,,,,,,,,,,,,,,,,,,,,,,,,,,,,,,,,,,,,,,,,,,,,,,,,,,,,,,,,,,,,,,,,,,,,,,,,,,,,,,,,,,,,,,,,,,,,,,,,,,,,,,,,,
Iowa,"3,067,872","+/- 2,609","2,594,781","+/- 13,916","379,518","+/- 12,526","79,194","+/- 6,405",641,+/- 588,Iowa,906,+/- 515,"2,644","+/- 1,499",957,+/- 524,"3,352","+/- 1,686","2,461",+/- 873,Iowa,520,+/- 482,380,+/- 415,79,+/- 130,"1,811",+/- 677,"1,067",+/- 557,Iowa,274,+/- 265,175,+/- 146,"13,612","+/- 2,331","3,293","+/- 1,618",N/A,N/A,Iowa,"1,119",+/- 561,190,+/- 190,170,+/- 165,0,+/- 155,389,+/- 593,Iowa,439,+/- 405,"1,813",+/- 924,"8,933","+/- 1,913",563,+/- 506,"3,247","+/- 1,031",Iowa,29,+/- 43,"8,602","+/- 1,789",258,+/- 216,24,+/- 45,367,+/- 283,Iowa,607,+/- 401,943,+/- 593,732,+/- 477,500,+/- 275,805,+/- 678,Iowa,618,+/- 524,676,+/- 567,"2,240","+/- 1,615",0,+/- 155,243,+/- 204,Iowa,"1,989",+/- 876,112,+/- 128,"5,164","+/- 1,586",505,+/- 309,113,+/- 136,Iowa,"1,015",+/- 505,"1,287",+/- 769,161,+/- 247,"2,871",+/- 885,298,+/- 274,Iowa,"14,379","+/- 3,114",0,+/- 155,0,+/- 155,"14,379","+/- 3,114"
Kansas,"2,866,584","+/- 2,600","2,378,716","+/- 16,745","376,239","+/- 15,266","96,467","+/- 7,973",830,+/- 632,Kansas,"1,478",+/- 916,"2,115",+/- 933,906,+/- 651,"6,381","+/- 1,991","3,350","+/- 1,395",Kansas,503,+/- 547,0,+/- 168,0,+/- 168,"4,457","+/- 1,917",485,+/- 324,Kansas,460,+/- 531,90,+/- 134,"2,618","+/- 1,327",308,+/- 237,"1,280",+/- 685,Kansas,N/A,N/A,923,"+/- 1,039","1,947",+/- 943,103,+/- 82,0,+/- 168,Kansas,550,+/- 470,"1,955","+/- 1,270","1,599",+/- 835,280,+/- 245,"22,240","+/- 3,443",Kansas,604,+/- 465,"2,637",+/- 796,"2,101","+/- 1,510",0,+/- 168,"1,730","+/- 1,066",Kansas,609,+/- 401,"1,118",+/- 665,"2,053","+/- 1,102",497,+/- 416,"1,807","+/- 1,151",Kansas,"6,031","+/- 1,826",511,+/- 309,606,+/- 367,0,+/- 168,83,+/- 84,Kansas,201,+/- 233,954,+/- 563,"11,255","+/- 2,988",732,+/- 829,0,+/- 168,Kansas,"4,563","+/- 2,933","2,632","+/- 1,692",139,+/- 112,440,+/- 401,306,+/- 293,Kansas,"15,162","+/- 2,856",113,+/- 216,0,+/- 168,"15,049","+/- 2,866"
Kentucky,"4,357,819","+/- 2,944","3,663,490","+/- 18,486","575,429","+/- 18,272","104,975","+/- 7,798","1,409",+/- 504,Kentucky,623,+/- 585,"1,443","+/- 1,008",703,+/- 489,"3,709","+/- 1,062","2,376","+/- 1,744",Kentucky,259,+/- 260,139,+/- 227,348,+/- 249,"6,905","+/- 1,729","4,392","+/- 1,677",Kentucky,423,+/- 443,473,+/- 555,"5,478","+/- 1,586","12,431","+/- 2,459","1,043","+/- 1,051",Kentucky,913,+/- 666,N/A,N/A,"1,251",+/- 702,155,+/- 217,"1,168",+/- 637,Kentucky,390,+/- 443,"2,612",+/- 788,640,+/- 556,571,+/- 521,"2,490","+/- 1,908",Kentucky,0,+/- 185,525,+/- 494,665,+/- 565,69,+/- 70,757,+/- 698,Kentucky,74,+/- 132,"2,414","+/- 1,259","3,965","+/- 1,357",0,+/- 185,"16,715","+/- 2,934",Kentucky,"1,012",+/- 640,375,+/- 347,"1,952",+/- 666,0,+/- 185,335,+/- 304,Kentucky,482,+/- 525,"11,393","+/- 2,447","5,568","+/- 1,892",155,+/- 250,144,+/- 156,Kentucky,"1,779",+/- 650,"1,547",+/- 690,"2,220",+/- 933,194,+/- 200,291,+/- 290,Kentucky,"13,925","+/- 2,546",84,+/- 155,0,+/- 185,"13,841","+/- 2,544"
Louisiana,"4,593,505","+/- 3,584","3,970,442","+/- 20,735","511,702","+/- 18,953","97,814","+/- 7,800","4,808","+/- 1,887",Louisiana,890,+/- 587,967,+/- 531,"2,293",+/- 813,"4,079","+/- 1,050","2,540","+/- 1,253",Louisiana,716,+/- 536,122,+/- 134,383,+/- 286,"7,182","+/- 2,790","6,384","+/- 2,013",Louisiana,"1,186","+/- 1,018",0,+/- 201,"1,961","+/- 1,250",150,+/- 185,0,+/- 201,Louisiana,"1,013",+/- 495,"1,734",+/- 901,N/A,N/A,0,+/- 201,"1,013",+/- 689,Louisiana,"1,484",+/- 993,"1,372",+/- 672,404,+/- 475,"7,926","+/- 2,600","2,971","+/- 1,534",Louisiana,396,+/- 313,314,+/- 449,"1,001",+/- 772,291,+/- 315,543,+/- 572,Louisiana,301,+/- 322,"2,061","+/- 1,069","3,185","+/- 1,590",167,+/- 272,"2,303","+/- 1,345",Louisiana,"2,385","+/- 1,303",646,+/- 746,585,+/- 342,123,+/- 106,911,+/- 433,Louisiana,365,+/- 384,"2,479","+/- 1,033","21,516","+/- 3,251",445,+/- 370,0,+/- 201,Louisiana,"3,433","+/- 1,690","1,518","+/- 1,107",369,+/- 393,648,+/- 439,251,+/- 370,Louisiana,"13,547","+/- 2,624",60,+/- 75,131,+/- 135,"13,356","+/- 2,660"
Maine,"1,317,638","+/- 1,582","1,138,397","+/- 9,455","134,611","+/- 8,431","39,065","+/- 4,220",0,+/- 159,Maine,0,+/- 159,612,+/- 516,0,+/- 159,"2,063","+/- 1,141",546,+/- 374,Maine,"1,470",+/- 658,324,+/- 328,154,+/- 173,"2,694","+/- 1,009",169,+/- 184,Maine,0,+/- 159,67,+/- 107,829,+/- 620,116,+/- 136,198,+/- 294,Maine,161,+/- 255,269,+/- 371,"1,014",+/- 780,N/A,N/A,365,+/- 246,Maine,"6,232","+/- 1,679",268,+/- 164,237,+/- 219,0,+/- 159,383,+/- 463,Maine,64,+/- 75,0,+/- 159,418,+/- 356,"4,100","+/- 1,300",941,+/- 526,Maine,923,+/- 648,"3,505","+/- 1,326",781,+/- 492,30,+/- 48,304,+/- 284,Maine,242,+/- 288,0,+/- 159,"2,269","+/- 1,082",438,+/- 333,240,+/- 168,Maine,63,+/- 109,15,+/- 35,"2,219","+/- 1,424",854,"+/- 1,082","1,086",+/- 814,Maine,752,+/- 493,832,+/- 550,17,+/- 28,720,+/- 642,81,+/- 85,Maine,"5,565","+/- 1,464",0,+/- 159,0,+/- 159,"5,565","+/- 1,464"
,,,,,,,,,,,,,,,,,,,,,,,,,,,,,,,,,,,,,,,,,,,,,,,,,,,,,,,,,,,,,,,,,,,,,,,,,,,,,,,,,,,,,,,,,,,,,,,,,,,,,,,,,,,,,,,,,,,,,,,,,,,,,,,,,
Maryland,"5,911,235","+/- 3,586","5,091,903","+/- 22,914","615,601","+/- 20,033","156,787","+/- 9,338",770,+/- 455,Maryland,657,+/- 528,"2,018","+/- 1,551",500,+/- 452,"7,073","+/- 1,898","1,834",+/- 896,Maryland,"1,784",+/- 867,"4,790","+/- 1,569","17,421","+/- 2,899","8,637","+/- 2,248","6,667","+/- 1,791",Maryland,"2,157","+/- 1,302",78,+/- 135,"2,076",+/- 784,"1,057",+/- 595,476,+/- 366,Maryland,128,+/- 162,804,+/- 702,"1,343","+/- 1,014",332,+/- 417,N/A,N/A,Maryland,"4,088","+/- 1,412","2,437","+/- 1,085",688,+/- 558,294,+/- 316,"1,117",+/- 945,Maryland,39,+/- 63,206,+/- 263,521,+/- 396,644,+/- 518,"7,384","+/- 1,735",Maryland,388,+/- 337,"14,661","+/- 3,623","8,842","+/- 2,300",140,+/- 231,"2,948",+/- 919,Maryland,335,+/- 227,392,+/- 417,"13,633","+/- 2,496",865,+/- 611,"2,576",+/- 826,Maryland,0,+/- 193,787,+/- 374,"5,285","+/- 1,625",977,+/- 560,301,+/- 403,Maryland,"21,822","+/- 3,543","1,244",+/- 725,"2,598","+/- 1,031",754,+/- 462,219,+/- 205,Maryland,"46,944","+/- 5,391","1,154","+/- 1,192",51,+/- 87,"45,739","+/- 5,219"
Massachusetts,"6,674,907","+/- 3,547","5,784,744","+/- 21,481","672,510","+/- 19,780","146,622","+/- 7,649",519,+/- 430,Massachusetts,"1,874","+/- 1,553","1,011",+/- 498,234,+/- 377,"14,490","+/- 2,407","3,008","+/- 1,030",Massachusetts,"13,287","+/- 2,801",88,+/- 135,"1,689",+/- 905,"9,570","+/- 1,813","2,718","+/- 1,095",Massachusetts,404,+/- 400,441,+/- 694,"3,199",+/- 973,"1,269",+/- 823,681,+/- 639,Massachusetts,402,+/- 312,253,+/- 205,531,+/- 609,"3,944","+/- 1,073","3,344","+/- 1,045",Massachusetts,N/A,N/A,"1,817",+/- 753,922,+/- 490,119,+/- 202,"1,058",+/- 553,Massachusetts,297,+/- 372,0,+/- 198,384,+/- 511,"11,177","+/- 2,029","5,381","+/- 1,175",Massachusetts,213,+/- 183,"20,548","+/- 2,881","3,035",+/- 938,50,+/- 85,"1,436",+/- 660,Massachusetts,784,+/- 513,512,+/- 390,"7,067","+/- 2,912","9,501","+/- 2,686","1,094",+/- 521,Massachusetts,123,+/- 174,"1,085",+/- 499,"5,352","+/- 1,761",624,+/- 530,"2,765","+/- 1,147",Massachusetts,"5,948","+/- 1,764","1,314",+/- 652,221,+/- 275,839,+/- 525,0,+/- 198,Massachusetts,"71,031","+/- 6,462","4,441","+/- 1,713",68,+/- 112,"66,522","+/- 6,449"
Michigan,"9,795,659","+/- 4,600","8,336,037","+/- 29,138","1,261,495","+/- 26,528","149,991","+/- 9,956","2,362","+/- 1,075",Michigan,"2,119","+/- 1,034","6,338","+/- 2,013",788,+/- 621,"9,754","+/- 2,146","1,938",+/- 607,Michigan,"1,124",+/- 470,112,+/- 139,411,+/- 287,"11,186","+/- 2,599","5,007","+/- 1,830",Michigan,881,+/- 679,132,+/- 156,"14,603","+/- 2,848","10,692","+/- 2,122","1,525",+/- 932,Michigan,"1,118",+/- 577,"3,747","+/- 1,570","1,212",+/- 907,261,+/- 212,"1,425",+/- 540,Michigan,"2,248","+/- 1,029",N/A,N/A,"2,002",+/- 751,797,+/- 416,"2,185",+/- 790,Michigan,289,+/- 439,455,+/- 346,"1,193",+/- 783,332,+/- 318,"1,774",+/- 761,Michigan,579,+/- 297,"6,226","+/- 1,363","3,778","+/- 1,436",725,+/- 429,"12,829","+/- 2,869",Michigan,"1,174",+/- 647,443,+/- 369,"3,731","+/- 1,253",359,+/- 302,"2,444","+/- 1,128",Michigan,455,+/- 268,"7,041","+/- 2,895","9,446","+/- 2,035",403,+/- 295,35,+/- 59,Michigan,"3,049","+/- 1,004","3,049","+/- 1,208",560,+/- 311,"5,538","+/- 1,594",117,+/- 135,Michigan,"48,136","+/- 4,766",717,+/- 800,232,+/- 178,"47,187","+/- 4,630"
Minnesota,"5,385,219","+/- 3,037","4,612,655","+/- 18,403","635,880","+/- 17,046","106,783","+/- 7,233",392,+/- 439,Minnesota,860,+/- 575,"2,837","+/- 1,121",570,+/- 457,"9,039","+/- 2,714","3,451","+/- 1,360",Minnesota,200,+/- 220,86,+/- 144,70,+/- 114,"3,762","+/- 1,579","2,539","+/- 1,022",Minnesota,110,+/- 91,326,+/- 374,"9,734","+/- 2,390","2,682","+/- 1,483","5,975","+/- 1,384",Minnesota,409,+/- 297,308,+/- 274,523,+/- 344,136,+/- 143,378,+/- 363,Minnesota,"1,127","+/- 1,065","1,901",+/- 728,N/A,N/A,913,+/- 724,"1,842",+/- 673,Minnesota,965,+/- 628,881,+/- 778,942,+/- 520,188,+/- 158,749,+/- 552,Minnesota,557,+/- 355,"1,468",+/- 602,"1,152",+/- 644,"8,587","+/- 1,503","1,955",+/- 757,Minnesota,505,+/- 350,"1,219",+/- 677,"1,665","+/- 1,020",270,+/- 339,414,+/- 321,Minnesota,"4,339","+/- 1,116","1,214",+/- 830,"3,654","+/- 1,179",818,+/- 670,95,+/- 107,Minnesota,"1,949",+/- 907,"1,930",+/- 663,680,+/- 927,"20,375","+/- 2,348",42,+/- 42,Minnesota,"29,901","+/- 5,398",189,+/- 257,103,+/- 175,"29,609","+/- 5,400"
Mississippi,"2,957,658","+/- 3,082","2,554,296","+/- 14,497","321,236","+/- 13,038","73,927","+/- 6,852","6,816","+/- 1,736",Mississippi,195,+/- 180,713,+/- 363,"1,462",+/- 946,"6,158","+/- 1,950",656,+/- 675,Mississippi,118,+/- 137,0,+/- 206,56,+/- 83,"7,000","+/- 2,179","4,594","+/- 1,829",Mississippi,415,+/- 450,0,+/- 206,"3,500","+/- 1,410","1,225",+/- 783,247,+/- 266,Mississippi,299,+/- 321,722,+/- 589,"7,162","+/- 1,898",0,+/- 206,139,+/- 148,Mississippi,536,+/- 591,"2,849","+/- 2,408",68,+/- 110,N/A,N/A,"1,073",+/- 678,Mississippi,457,+/- 549,680,+/- 614,126,+/- 195,157,+/- 176,59,+/- 84,Mississippi,751,+/- 392,"1,086",+/- 379,"1,198",+/- 503,0,+/- 206,"1,093",+/- 703,Mississippi,376,+/- 368,148,+/- 223,946,+/- 633,0,+/- 206,"2,005","+/- 1,846",Mississippi,0,+/- 206,"10,017","+/- 3,115","5,546","+/- 1,328",657,+/- 790,0,+/- 206,Mississippi,818,+/- 619,851,+/- 678,447,+/- 396,506,+/- 349,0,+/- 206,Mississippi,"8,199","+/- 1,517","1,343",+/- 682,0,+/- 206,"6,856","+/- 1,259"
,,,,,,,,,,,,,,,,,,,,,,,,,,,,,,,,,,,,,,,,,,,,,,,,,,,,,,,,,,,,,,,,,,,,,,,,,,,,,,,,,,,,,,,,,,,,,,,,,,,,,,,,,,,,,,,,,,,,,,,,,,,,,,,,,
Missouri,"5,992,195","+/- 3,743","5,042,396","+/- 23,817","776,519","+/- 20,564","153,320","+/- 9,335","2,807","+/- 1,473",Missouri,"1,013",+/- 618,"3,741","+/- 1,390","8,043","+/- 2,742","6,925","+/- 1,855","2,959",+/- 853,Missouri,225,+/- 179,0,+/- 181,378,+/- 308,"5,044","+/- 1,298","3,133","+/- 1,304",Missouri,203,+/- 204,"1,092",+/- 817,"24,210","+/- 4,022","4,004","+/- 1,348","3,502","+/- 1,094",Missouri,"18,850","+/- 2,895",881,+/- 533,"2,100",+/- 926,375,+/- 349,"2,050","+/- 1,163",Missouri,"1,140",+/- 484,"2,985","+/- 1,118","1,394",+/- 555,841,+/- 605,N/A,N/A,Missouri,658,+/- 488,"3,258","+/- 1,474",942,+/- 591,55,+/- 93,"1,160",+/- 577,Missouri,"1,398",+/- 704,"3,116","+/- 1,260","2,746","+/- 1,092",890,+/- 626,"2,639","+/- 1,211",Missouri,"6,677","+/- 2,184","3,351","+/- 1,794","2,162",+/- 823,486,+/- 474,"1,617","+/- 1,032",Missouri,663,+/- 759,"3,214","+/- 1,339","11,322","+/- 2,934","1,151",+/- 688,0,+/- 181,Missouri,"3,540","+/- 1,389","1,877",+/- 829,288,+/- 234,"1,506",+/- 517,709,+/- 618,Missouri,"19,960","+/- 2,263",776,+/- 783,47,+/- 110,"19,137","+/- 2,314"
Montana,"1,012,169","+/- 1,517","845,142","+/- 8,833","126,508","+/- 7,649","37,561","+/- 4,096",134,+/- 113,Montana,381,+/- 256,"1,873",+/- 736,288,+/- 384,"5,468","+/- 2,147","1,899",+/- 687,Montana,24,+/- 46,0,+/- 161,0,+/- 161,"1,158",+/- 737,68,+/- 98,Montana,674,+/- 631,"1,788",+/- 798,673,+/- 347,685,+/- 665,272,+/- 338,Montana,840,+/- 731,124,+/- 200,249,+/- 352,11,+/- 20,156,+/- 201,Montana,926,+/- 831,842,+/- 617,739,+/- 479,398,+/- 503,114,+/- 129,Montana,N/A,N/A,406,+/- 586,709,+/- 450,0,+/- 161,0,+/- 161,Montana,352,+/- 263,84,+/- 138,110,+/- 104,"1,090",+/- 565,231,+/- 211,Montana,0,+/- 161,"1,953","+/- 1,138",527,+/- 478,0,+/- 161,0,+/- 161,Montana,444,+/- 296,15,+/- 31,"2,169",+/- 923,"1,972","+/- 1,181",178,+/- 248,Montana,511,+/- 400,"5,354","+/- 1,583",0,+/- 161,120,+/- 126,"1,552","+/- 1,272",Montana,"2,958",+/- 813,14,+/- 26,0,+/- 161,"2,944",+/- 806
,,,,,,,,,,,,,,,,,,,,,,,,,,,,,,,,,,,,,,,,,,,,,,,,,,,,,,,,,,,,,,,,,,,,,,,,,,,,,,,,,,,,,,,,,,,,,,,,,,,,,,,,,,,,,,,,,,,,,,,,,,,,,,,,,
Current residence,Population 1 year and over,,Same house 1 year ago,,Same state of residence 1 year ago,,Different state of residence 1 year ago,,,,Current residence,Different state of residence 1 year ago (continued),,,,,,,,,,Current residence,Different state of residence 1 year ago (continued),,,,,,,,,,Current residence,Different state of residence 1 year ago (continued),,,,,,,,,,Current residence,Different state of residence 1 year ago (continued),,,,,,,,,,Current residence,Different state of residence 1 year ago (continued),,,,,,,,,,Current residence,Different state of residence 1 year ago (continued),,,,,,,,,,Current residence,Different state of residence 1 year ago (continued),,,,,,,,,,Current residence,Different state of residence 1 year ago (continued),,,,,,,,,,Current residence,Different state of residence 1 year ago (continued),,,,,,,,,,Current residence,Different state of residence 1 year ago (continued),,,,,,,,,,Current residence,Abroad 1 year ago,,,,,,,
,,,,,,,Total,,Alabama,,,Alaska,,Arizona,,Arkansas,,California,,Colorado,,,Connecticut,,Delaware,,District of Columbia ,,Florida,,Georgia,,,Hawaii,,Idaho,,Illinois,,Indiana,,Iowa,,,Kansas,,Kentucky,,Louisiana,,Maine,,Maryland,,,Massachusetts,,Michigan,,Minnesota,,Mississippi,,Missouri,,,Montana,,Nebraska,,Nevada,,New Hampshire,,New Jersey,,,New Mexico,,New York,,North Carolina,,North Dakota,,Ohio,,,Oklahoma,,Oregon,,Pennsylvania,,Rhode Island,,South Carolina,,,South Dakota,,Tennessee,,Texas,,Utah,,Vermont,,,Virginia,,Washington,,West Virginia,,Wisconsin,,Wyoming,,,Total,,Puerto Rico,,U.S. Island Area,,Foreign Country,
,Estimate,MOE,Estimate,MOE,Estimate,MOE,Estimate,MOE,Estimate,MOE,,Estimate,MOE,Estimate,MOE,Estimate,MOE,Estimate,MOE,Estimate,MOE,,Estimate,MOE,Estimate,MOE,Estimate,MOE,Estimate,MOE,Estimate,MOE,,Estimate,MOE,Estimate,MOE,Estimate,MOE,Estimate,MOE,Estimate,MOE,,Estimate,MOE,Estimate,MOE,Estimate,MOE,Estimate,MOE,Estimate,MOE,,Estimate,MOE,Estimate,MOE,Estimate,MOE,Estimate,MOE,Estimate,MOE,,Estimate,MOE,Estimate,MOE,Estimate,MOE,Estimate,MOE,Estimate,MOE,,Estimate,MOE,Estimate,MOE,Estimate,MOE,Estimate,MOE,Estimate,MOE,,Estimate,MOE,Estimate,MOE,Estimate,MOE,Estimate,MOE,Estimate,MOE,,Estimate,MOE,Estimate,MOE,Estimate,MOE,Estimate,MOE,Estimate,MOE,,Estimate,MOE,Estimate,MOE,Estimate,MOE,Estimate,MOE,Estimate,MOE,,Estimate,MOE,Estimate,MOE,Estimate,MOE,Estimate,MOE
,,,,,,,,,,,,,,,,,,,,,,,,,,,,,,,,,,,,,,,,,,,,,,,,,,,,,,,,,,,,,,,,,,,,,,,,,,,,,,,,,,,,,,,,,,,,,,,,,,,,,,,,,,,,,,,,,,,,,,,,,,,,,,,,,
Nebraska,"1,855,356","+/- 2,122","1,541,744","+/- 11,830","252,232","+/- 11,543","52,200","+/- 5,289",510,+/- 496,Nebraska,521,+/- 657,"1,149",+/- 487,166,+/- 153,"2,391","+/- 1,521","3,727","+/- 1,198",Nebraska,0,+/- 153,0,+/- 153,0,+/- 153,"2,684",+/- 921,"1,317",+/- 826,Nebraska,117,+/- 159,415,+/- 326,"2,717","+/- 2,280",559,+/- 419,"7,598","+/- 1,791",Nebraska,"3,351","+/- 1,177",329,+/- 324,405,+/- 659,200,+/- 324,519,+/- 474,Nebraska,857,+/- 892,319,+/- 210,"2,135",+/- 843,0,+/- 153,"1,493",+/- 593,Nebraska,567,+/- 483,N/A,N/A,801,+/- 700,0,+/- 153,106,+/- 139,Nebraska,591,+/- 475,932,+/- 581,363,+/- 323,396,+/- 302,543,+/- 317,Nebraska,560,+/- 283,232,+/- 182,"1,066",+/- 950,237,+/- 378,418,+/- 605,Nebraska,"2,704","+/- 1,036",401,+/- 371,"3,377","+/- 1,072","1,656","+/- 1,429",0,+/- 153,Nebraska,"1,536",+/- 834,533,+/- 492,0,+/- 153,537,+/- 346,"1,165",+/- 596,Nebraska,"9,180","+/- 1,758",0,+/- 153,65,+/- 93,"9,115","+/- 1,764"
Nevada,"2,806,170","+/- 2,678","2,235,861","+/- 18,271","426,512","+/- 17,873","130,390","+/- 7,549",475,+/- 580,Nevada,"2,893","+/- 1,664","8,488","+/- 1,899",86,+/- 144,"48,954","+/- 5,462","3,309","+/- 1,100",Nevada,313,+/- 498,234,+/- 289,615,+/- 760,"4,116","+/- 1,322","2,084","+/- 1,798",Nevada,"2,210","+/- 1,137","1,371",+/- 751,"3,699","+/- 1,541",533,+/- 567,"1,404",+/- 968,Nevada,"1,106",+/- 897,649,+/- 464,309,+/- 277,11,+/- 21,871,+/- 640,Nevada,536,+/- 350,"1,323",+/- 681,"1,522",+/- 710,643,+/- 672,"1,011",+/- 691,Nevada,981,+/- 741,506,+/- 348,N/A,N/A,213,+/- 209,"1,206",+/- 620,Nevada,"2,987","+/- 1,795","2,175",+/- 790,"1,079",+/- 663,32,+/- 53,"1,680","+/- 1,145",Nevada,"1,402",+/- 774,"4,032","+/- 1,716","2,745","+/- 2,105",41,+/- 66,304,+/- 357,Nevada,176,+/- 241,"1,945","+/- 1,425","5,291","+/- 1,561","5,977","+/- 2,327",162,+/- 194,Nevada,"1,332",+/- 669,"5,753","+/- 2,060",493,+/- 319,754,+/- 515,359,+/- 241,Nevada,"13,407","+/- 2,515",97,+/- 158,70,+/- 116,"13,240","+/- 2,527"
New Hampshire,"1,314,735","+/- 1,334","1,134,514","+/- 10,270","133,298","+/- 9,504","41,393","+/- 3,762",44,+/- 73,New Hampshire,130,+/- 166,146,+/- 146,63,+/- 106,"1,658",+/- 950,260,+/- 190,New Hampshire,"3,151","+/- 1,931",0,+/- 182,82,+/- 145,"2,303","+/- 1,012",177,+/- 253,New Hampshire,0,+/- 182,0,+/- 182,819,+/- 649,0,+/- 182,0,+/- 182,New Hampshire,165,+/- 234,309,+/- 374,164,+/- 138,"4,155","+/- 1,589",357,+/- 359,New Hampshire,"14,692","+/- 2,180",157,+/- 247,0,+/- 182,588,+/- 887,0,+/- 182,New Hampshire,0,+/- 182,0,+/- 182,434,+/- 422,N/A,N/A,"1,035",+/- 740,New Hampshire,0,+/- 182,"2,479",+/- 716,343,+/- 342,523,+/- 727,328,+/- 340,New Hampshire,148,+/- 239,247,+/- 250,"1,531",+/- 740,767,+/- 470,78,+/- 110,New Hampshire,0,+/- 182,119,+/- 94,83,+/- 124,480,+/- 398,"2,200",+/- 829,New Hampshire,846,+/- 439,148,+/- 131,0,+/- 182,184,+/- 197,0,+/- 182,New Hampshire,"5,530","+/- 2,136",456,+/- 455,0,+/- 182,"5,074","+/- 2,220"
New Jersey,"8,840,346","+/- 4,188","7,961,796","+/- 23,160","686,056","+/- 20,002","128,911","+/- 9,226",216,+/- 221,New Jersey,382,+/- 341,"1,074",+/- 585,422,+/- 563,"5,961","+/- 1,703","1,070",+/- 642,New Jersey,"2,269",+/- 905,"1,777","+/- 1,151",965,+/- 621,"10,532","+/- 2,311","3,884","+/- 2,104",New Jersey,227,+/- 245,0,+/- 195,"2,167","+/- 1,515",795,+/- 445,12,+/- 18,New Jersey,502,+/- 544,503,+/- 385,894,+/- 776,133,+/- 150,"3,388","+/- 1,659",New Jersey,"2,956",+/- 986,"1,442",+/- 735,"1,277","+/- 1,093",394,+/- 330,179,+/- 150,New Jersey,327,+/- 399,44,+/- 72,226,+/- 227,370,+/- 326,N/A,N/A,New Jersey,652,+/- 641,"44,690","+/- 4,971","4,386","+/- 1,701",131,+/- 209,"1,520",+/- 784,New Jersey,72,+/- 121,430,+/- 351,"18,958","+/- 3,306",913,+/- 573,873,+/- 457,New Jersey,0,+/- 195,"1,684",+/- 840,"2,885","+/- 1,315",113,+/- 158,290,+/- 292,New Jersey,"4,814","+/- 2,757",645,+/- 520,385,+/- 285,"1,082",+/- 657,0,+/- 195,New Jersey,"63,583","+/- 4,995","4,180","+/- 1,942",0,+/- 195,"59,403","+/- 5,024"
New Mexico,"2,060,189","+/- 2,902","1,770,053","+/- 12,935","212,456","+/- 11,593","68,917","+/- 6,649",41,+/- 38,New Mexico,"1,526",+/- 848,"8,577","+/- 2,434",106,+/- 178,"4,986","+/- 1,788","4,475","+/- 1,446",New Mexico,307,+/- 257,0,+/- 190,52,+/- 86,"3,064","+/- 1,774",87,+/- 118,New Mexico,304,+/- 256,594,+/- 637,"2,465","+/- 1,699","1,201",+/- 842,27,+/- 44,New Mexico,490,+/- 390,65,+/- 95,"1,088",+/- 924,515,+/- 534,982,+/- 597,New Mexico,195,+/- 175,662,+/- 503,577,+/- 356,667,+/- 561,"1,680",+/- 943,New Mexico,691,+/- 710,"1,203","+/- 1,089","1,163",+/- 626,436,+/- 374,300,+/- 445,New Mexico,N/A,N/A,"1,168",+/- 780,636,+/- 411,0,+/- 190,613,+/- 442,New Mexico,"3,394","+/- 1,922","1,219",+/- 887,942,+/- 877,0,+/- 190,212,+/- 261,New Mexico,145,+/- 187,93,+/- 135,"17,073","+/- 3,762",297,+/- 253,245,+/- 330,New Mexico,"1,057",+/- 646,"1,584",+/- 762,25,+/- 50,996,+/- 660,692,+/- 572,New Mexico,"8,763","+/- 1,909",588,+/- 947,102,+/- 109,"8,073","+/- 1,729"
,,,,,,,,,,,,,,,,,,,,,,,,,,,,,,,,,,,,,,,,,,,,,,,,,,,,,,,,,,,,,,,,,,,,,,,,,,,,,,,,,,,,,,,,,,,,,,,,,,,,,,,,,,,,,,,,,,,,,,,,,,,,,,,,,
New York,"19,528,220","+/- 5,972","17,418,181","+/- 31,878","1,693,064","+/- 29,186","258,571","+/- 11,185","1,662",+/- 986,New York,"3,180","+/- 1,221","7,696","+/- 1,317",611,+/- 453,"22,241","+/- 2,884","2,148",+/- 665,New York,"14,649","+/- 2,822","1,931","+/- 1,101","3,323","+/- 1,065","22,356","+/- 3,330","6,111","+/- 1,470",New York,"1,294",+/- 660,704,+/- 699,"6,736","+/- 1,816","1,011",+/- 505,803,+/- 468,New York,"1,047",+/- 557,"1,005",+/- 575,825,+/- 622,"1,350",+/- 491,"8,078","+/- 1,892",New York,"15,222","+/- 2,362","3,827","+/- 1,067","1,221",+/- 432,"1,724","+/- 1,513","2,344",+/- 985,New York,394,+/- 315,55,+/- 66,"2,713","+/- 1,090","2,179",+/- 737,"35,637","+/- 3,746",New York,"1,419","+/- 1,231",N/A,N/A,"12,174","+/- 3,200",210,+/- 184,"4,766","+/- 1,272",New York,869,+/- 434,831,+/- 450,"21,930","+/- 3,348","1,541",+/- 891,"4,796","+/- 1,473",New York,19,+/- 33,"2,957","+/- 1,383","12,941","+/- 2,355","2,259","+/- 1,179","1,933",+/- 779,New York,"9,743","+/- 2,381","3,532","+/- 1,153",271,+/- 162,"1,983",+/- 759,320,+/- 240,New York,"158,404","+/- 9,997","4,885","+/- 1,746",349,+/- 265,"153,170","+/- 9,670"
North Carolina,"9,832,152","+/- 5,419","8,332,705","+/- 28,703","1,166,928","+/- 27,169","286,533","+/- 13,479","4,264","+/- 1,390",North Carolina,"2,467","+/- 1,100","2,246",+/- 954,571,+/- 371,"16,448","+/- 3,465","5,108","+/- 2,333",North Carolina,"4,754","+/- 1,888",812,+/- 539,"1,724",+/- 618,"25,532","+/- 4,246","15,696","+/- 3,087",North Carolina,"2,546","+/- 1,593",293,+/- 272,"7,134","+/- 1,922","2,349","+/- 1,058","1,753","+/- 1,508",North Carolina,"2,627","+/- 1,247","2,872","+/- 1,739","1,195",+/- 473,"1,715",+/- 739,"8,196","+/- 1,815",North Carolina,"3,880","+/- 1,243","6,339","+/- 2,316","2,427","+/- 1,812","1,029",+/- 688,"2,572",+/- 971,North Carolina,207,+/- 245,"1,096",+/- 808,"1,870","+/- 1,269","1,202",+/- 661,"12,697","+/- 2,741",North Carolina,930,+/- 822,"26,255","+/- 5,050",N/A,N/A,501,+/- 355,"11,082","+/- 2,979",North Carolina,685,+/- 410,"1,311",+/- 634,"10,594","+/- 1,993","1,356",+/- 891,"26,379","+/- 3,891",North Carolina,542,+/- 560,"6,397","+/- 1,459","15,604","+/- 3,577",655,+/- 541,564,+/- 388,North Carolina,"28,250","+/- 3,587","4,435","+/- 1,767","4,987","+/- 1,902","1,710",+/- 856,675,+/- 644,North Carolina,"45,986","+/- 5,223","1,276",+/- 886,715,+/- 380,"43,995","+/- 5,242"
North Dakota,"729,874","+/- 1,466","602,508","+/- 6,670","85,084","+/- 4,969","39,059","+/- 4,304",402,+/- 564,North Dakota,390,+/- 323,887,+/- 449,192,+/- 235,"1,243",+/- 750,"1,018",+/- 774,North Dakota,0,+/- 147,0,+/- 147,19,+/- 32,"1,547",+/- 743,410,+/- 609,North Dakota,348,+/- 400,345,+/- 335,309,+/- 266,147,+/- 233,296,+/- 310,North Dakota,640,+/- 548,322,+/- 315,0,+/- 147,0,+/- 147,0,+/- 147,North Dakota,53,+/- 80,"1,284",+/- 784,"13,756","+/- 2,339",331,+/- 182,"1,364","+/- 1,087",North Dakota,"1,868",+/- 802,490,+/- 365,268,+/- 220,46,+/- 80,42,+/- 67,North Dakota,162,+/- 224,915,+/- 894,18,+/- 34,N/A,N/A,843,+/- 663,North Dakota,278,+/- 218,313,+/- 240,"1,185",+/- 981,0,+/- 147,308,+/- 409,North Dakota,"2,452","+/- 1,021",376,+/- 366,"1,064",+/- 597,330,+/- 329,0,+/- 147,North Dakota,160,+/- 138,"1,181",+/- 644,68,+/- 97,445,+/- 282,944,+/- 927,North Dakota,"3,223","+/- 1,020",0,+/- 147,215,+/- 322,"3,008",+/- 951
Ohio,"11,464,891","+/- 4,533","9,742,065","+/- 34,992","1,484,132","+/- 30,668","196,742","+/- 11,827","1,189",+/- 699,Ohio,"1,455",+/- 844,"3,348","+/- 1,163","1,467",+/- 789,"7,793","+/- 1,549","3,917","+/- 2,623",Ohio,"1,251",+/- 817,878,+/- 936,670,+/- 414,"14,377","+/- 2,962","4,924","+/- 1,567",Ohio,355,+/- 288,234,+/- 215,"9,076","+/- 1,833","10,968","+/- 2,328","1,414",+/- 770,Ohio,"1,060",+/- 633,"18,410","+/- 3,768",605,+/- 376,177,+/- 177,"3,751","+/- 1,145",Ohio,"1,977",+/- 849,"13,480","+/- 2,379","1,631",+/- 704,994,+/- 858,"3,277","+/- 1,036",Ohio,528,+/- 501,339,+/- 275,"1,618",+/- 823,"1,404","+/- 1,094","3,952","+/- 1,768",Ohio,987,+/- 606,"7,759","+/- 1,689","10,004","+/- 3,696",129,+/- 168,N/A,N/A,Ohio,871,+/- 620,"1,538",+/- 786,"18,580","+/- 3,478",958,+/- 689,"1,717",+/- 652,Ohio,464,+/- 441,"6,388","+/- 2,693","8,360","+/- 2,087",982,+/- 557,56,+/- 76,Ohio,"6,403","+/- 2,987","4,084","+/- 1,644","8,018","+/- 1,700","2,789","+/- 1,076",136,+/- 168,Ohio,"41,952","+/- 4,995","1,874",+/- 937,0,+/- 185,"40,078","+/- 4,626"
Oklahoma,"3,827,288","+/- 2,471","3,148,699","+/- 16,644","550,149","+/- 14,562","111,346","+/- 8,348",993,+/- 454,Oklahoma,"1,248",+/- 810,"3,729","+/- 1,680","7,333","+/- 1,657","8,180","+/- 2,174","4,190","+/- 1,145",Oklahoma,176,+/- 265,83,+/- 97,216,+/- 218,"4,894","+/- 1,347","1,731",+/- 771,Oklahoma,255,+/- 186,233,+/- 194,"1,396",+/- 691,"1,793","+/- 1,144","2,982","+/- 2,420",Oklahoma,"8,779","+/- 2,270",920,+/- 500,"1,126",+/- 510,55,+/- 110,709,+/- 917,Oklahoma,420,+/- 253,778,+/- 477,846,+/- 574,850,+/- 606,"6,309","+/- 1,981",Oklahoma,67,+/- 80,534,+/- 497,829,+/- 649,91,+/- 111,639,+/- 454,Oklahoma,"1,152",+/- 508,"2,187","+/- 1,244","1,169",+/- 632,626,+/- 387,"1,711",+/- 720,Oklahoma,N/A,N/A,273,+/- 232,"1,407",+/- 554,117,+/- 180,779,+/- 478,Oklahoma,505,+/- 495,"3,079","+/- 1,486","29,191","+/- 3,555","1,008",+/- 647,0,+/- 153,Oklahoma,985,+/- 578,"3,102","+/- 1,159",38,+/- 64,"1,164",+/- 699,469,+/- 343,Oklahoma,"17,094","+/- 2,714",359,+/- 244,484,+/- 394,"16,251","+/- 2,635"
,,,,,,,,,,,,,,,,,,,,,,,,,,,,,,,,,,,,,,,,,,,,,,,,,,,,,,,,,,,,,,,,,,,,,,,,,,,,,,,,,,,,,,,,,,,,,,,,,,,,,,,,,,,,,,,,,,,,,,,,,,,,,,,,,
Oregon,"3,927,857","+/- 2,960","3,196,441","+/- 21,251","571,056","+/- 17,936","137,008","+/- 8,735",156,+/- 152,Oregon,"4,211","+/- 1,911","9,446","+/- 2,054",570,+/- 399,"35,334","+/- 4,753","5,446","+/- 1,729",Oregon,848,+/- 672,0,+/- 197,271,+/- 300,"1,319",+/- 566,"1,142",+/- 852,Oregon,"3,491","+/- 1,219","4,995","+/- 1,478","1,514",+/- 807,"1,099",+/- 878,509,+/- 452,Oregon,671,+/- 577,91,+/- 129,"1,054",+/- 612,230,+/- 237,987,"+/- 1,129",Oregon,"1,335",+/- 763,980,+/- 532,"2,717","+/- 1,307",0,+/- 197,767,+/- 538,Oregon,"1,800",+/- 857,414,+/- 290,"3,385","+/- 1,222",0,+/- 197,705,+/- 745,Oregon,"2,617","+/- 1,452","2,117","+/- 1,168","1,810","+/- 1,121",947,+/- 784,828,+/- 708,Oregon,"1,860","+/- 1,242",N/A,N/A,"1,972","+/- 1,156",161,+/- 175,163,+/- 186,Oregon,602,+/- 423,371,+/- 314,"7,480","+/- 2,312","4,149","+/- 1,532",122,+/- 149,Oregon,"1,506",+/- 797,"21,655","+/- 3,137",0,+/- 197,"1,276","+/- 1,155","1,885","+/- 1,147",Oregon,"23,352","+/- 3,468",78,+/- 132,196,+/- 161,"23,078","+/- 3,418"
Pennsylvania,"12,645,888","+/- 4,727","11,103,966","+/- 27,311","1,241,534","+/- 22,817","232,889","+/- 11,992","1,535","+/- 1,071",Pennsylvania,"2,361","+/- 1,308","1,735",+/- 531,549,+/- 650,"9,151","+/- 2,339","2,615","+/- 1,133",Pennsylvania,"2,670",+/- 780,"5,611","+/- 1,443","1,636",+/- 748,"16,230","+/- 2,462","4,692","+/- 1,623",Pennsylvania,761,+/- 579,362,+/- 243,"3,522","+/- 1,375","2,555","+/- 2,500","1,434",+/- 706,Pennsylvania,"1,186",+/- 745,"1,746",+/- 861,"1,628",+/- 781,"1,280",+/- 578,"21,776","+/- 3,406",Pennsylvania,"4,974","+/- 1,510","5,263","+/- 1,488","1,521",+/- 756,12,+/- 22,"1,993",+/- 815,Pennsylvania,847,+/- 745,0,+/- 168,868,+/- 692,550,+/- 367,"39,423","+/- 4,912",Pennsylvania,506,+/- 314,"31,145","+/- 3,832","10,006","+/- 3,413",220,+/- 212,"10,588","+/- 1,915",Pennsylvania,897,+/- 582,794,+/- 594,N/A,N/A,"1,187",+/- 562,"3,006","+/- 1,258",Pennsylvania,403,+/- 316,"3,269","+/- 1,525","9,027","+/- 2,919",850,+/- 525,674,+/- 398,Pennsylvania,"11,541","+/- 2,734","2,182","+/- 1,251","4,708","+/- 1,434","1,257",+/- 750,143,+/- 161,Pennsylvania,"67,499","+/- 7,151","7,437","+/- 3,100",50,+/- 91,"60,012","+/- 6,595"
Rhode Island,"1,045,791","+/- 1,336","906,936","+/- 7,854","98,869","+/- 7,579","32,621","+/- 3,400",347,+/- 377,Rhode Island,54,+/- 100,0,+/- 203,0,+/- 203,"1,387",+/- 699,91,+/- 114,Rhode Island,"2,180",+/- 726,26,+/- 45,0,+/- 203,"1,723",+/- 751,"1,843","+/- 1,048",Rhode Island,89,+/- 110,0,+/- 203,233,+/- 243,98,+/- 133,80,+/- 103,Rhode Island,153,+/- 181,251,+/- 280,488,+/- 643,417,+/- 377,557,+/- 350,Rhode Island,"10,765","+/- 2,221",296,+/- 335,428,+/- 522,0,+/- 203,60,+/- 98,Rhode Island,0,+/- 203,0,+/- 203,44,+/- 76,"1,007",+/- 573,"1,404",+/- 526,Rhode Island,0,+/- 203,"3,563",+/- 891,"1,426",+/- 895,0,+/- 203,176,+/- 173,Rhode Island,64,+/- 99,44,+/- 74,"1,245",+/- 666,N/A,N/A,474,+/- 480,Rhode Island,0,+/- 203,72,+/- 117,445,+/- 252,0,+/- 203,93,+/- 105,Rhode Island,922,+/- 415,76,+/- 121,0,+/- 203,0,+/- 203,0,+/- 203,Rhode Island,"7,365","+/- 1,794",914,+/- 829,0,+/- 203,"6,451","+/- 1,684"
South Carolina,"4,780,659","+/- 3,519","4,046,123","+/- 20,327","542,930","+/- 19,804","171,969","+/- 9,132","3,219","+/- 1,350",South Carolina,"1,225","+/- 1,060","2,298","+/- 1,010",991,+/- 828,"5,826","+/- 1,578","3,455","+/- 1,662",South Carolina,"4,030","+/- 1,872",661,+/- 551,649,+/- 464,"12,368","+/- 2,450","15,496","+/- 3,377",South Carolina,"1,044",+/- 859,996,"+/- 1,227","2,854",+/- 986,"2,923","+/- 1,191",429,+/- 374,South Carolina,599,+/- 662,"3,312","+/- 2,046","1,565",+/- 973,"1,462","+/- 1,028","4,291","+/- 1,806",South Carolina,"1,620",+/- 743,"4,002","+/- 1,438","1,111",+/- 727,"1,055",+/- 485,"1,495",+/- 647,South Carolina,294,+/- 279,323,+/- 323,499,+/- 523,950,+/- 562,"4,226","+/- 1,332",South Carolina,"1,237","+/- 1,150","11,241","+/- 3,138","31,188","+/- 5,267",0,+/- 200,"5,369","+/- 1,760",South Carolina,"1,115",+/- 632,304,+/- 276,"7,637","+/- 2,531",646,+/- 451,N/A,N/A,South Carolina,352,+/- 338,"4,113","+/- 1,588","6,567","+/- 1,931",434,+/- 320,249,+/- 201,South Carolina,"8,860","+/- 1,796","5,453","+/- 2,364",687,+/- 517,"1,249",+/- 716,0,+/- 200,South Carolina,"19,637","+/- 3,401","1,325",+/- 895,253,+/- 177,"18,059","+/- 3,645"
South Dakota,"842,076","+/- 1,090","701,352","+/- 7,865","109,496","+/- 6,804","28,198","+/- 3,741",0,+/- 151,South Dakota,374,+/- 303,"1,008",+/- 585,23,+/- 32,"1,920","+/- 1,040","1,388",+/- 760,South Dakota,0,+/- 151,0,+/- 151,0,+/- 151,329,+/- 271,167,+/- 179,South Dakota,0,+/- 151,177,+/- 207,520,+/- 313,489,+/- 374,"2,531",+/- 896,South Dakota,842,+/- 714,161,+/- 131,106,+/- 292,0,+/- 151,130,+/- 180,South Dakota,186,+/- 315,86,+/- 108,"4,321","+/- 1,505",0,+/- 151,127,+/- 128,South Dakota,990,+/- 922,"1,411",+/- 824,531,+/- 449,80,+/- 128,11,+/- 25,South Dakota,330,+/- 328,697,+/- 445,163,+/- 202,"1,635",+/- 766,490,+/- 328,South Dakota,711,+/- 642,13,+/- 18,36,+/- 77,0,+/- 151,37,+/- 76,South Dakota,N/A,N/A,610,+/- 318,882,+/- 529,131,+/- 150,0,+/- 151,South Dakota,"1,453","+/- 1,975",198,+/- 281,0,+/- 151,541,+/- 287,"2,363","+/- 1,637",South Dakota,"3,030",+/- 966,0,+/- 151,96,+/- 129,"2,934",+/- 927
,,,,,,,,,,,,,,,,,,,,,,,,,,,,,,,,,,,,,,,,,,,,,,,,,,,,,,,,,,,,,,,,,,,,,,,,,,,,,,,,,,,,,,,,,,,,,,,,,,,,,,,,,,,,,,,,,,,,,,,,,,,,,,,,,
Tennessee,"6,471,445","+/- 3,711","5,465,071","+/- 20,831","796,577","+/- 19,366","182,130","+/- 11,634","9,640","+/- 3,703",Tennessee,837,+/- 687,"2,605","+/- 1,146","7,625","+/- 2,416","8,847","+/- 2,092","2,482","+/- 1,027",Tennessee,390,+/- 374,427,+/- 584,747,+/- 427,"17,196","+/- 3,188","15,713","+/- 3,934",Tennessee,438,+/- 432,288,+/- 249,"8,853","+/- 2,483","6,087","+/- 2,084",835,+/- 419,Tennessee,613,+/- 379,"9,157","+/- 2,413","1,126",+/- 628,207,+/- 337,"2,300","+/- 1,016",Tennessee,"1,753",+/- 963,"6,125","+/- 2,065",962,+/- 572,"8,166","+/- 2,739","5,513","+/- 1,543",Tennessee,260,+/- 240,129,+/- 167,681,+/- 476,249,+/- 309,741,+/- 435,Tennessee,596,+/- 581,"5,614","+/- 2,109","12,148","+/- 3,280",127,+/- 233,"4,627","+/- 1,995",Tennessee,"2,068","+/- 1,408",922,+/- 551,"2,555","+/- 1,170","1,035",+/- 761,"6,164","+/- 3,731",Tennessee,282,+/- 344,N/A,N/A,"10,134","+/- 2,574",216,+/- 220,162,+/- 170,Tennessee,"7,979","+/- 2,297","2,885","+/- 1,536","1,943","+/- 1,244","1,551",+/- 941,130,+/- 169,Tennessee,"27,667","+/- 3,781",373,+/- 361,145,+/- 238,"27,149","+/- 3,735"
Texas,"26,588,600","+/- 10,391","22,151,594","+/- 60,678","3,681,042","+/- 56,949","538,572","+/- 22,996","6,437","+/- 1,833",Texas,"8,487","+/- 2,707","18,001","+/- 3,172","11,926","+/- 2,762","63,591","+/- 6,190","18,277","+/- 4,298",Texas,"3,110","+/- 1,252","1,411",+/- 837,"1,266",+/- 590,"40,930","+/- 10,332","19,023","+/- 4,043",Texas,"3,871","+/- 1,300","3,120","+/- 1,115","23,258","+/- 4,539","6,235","+/- 1,751","6,444","+/- 2,399",Texas,"11,585","+/- 3,166","5,990","+/- 2,402","23,805","+/- 4,203","1,385",+/- 992,"9,291","+/- 2,556",Texas,"6,208","+/- 1,937","12,267","+/- 2,897","6,946","+/- 2,877","12,308","+/- 2,853","11,921","+/- 2,546",Texas,659,+/- 515,"3,343","+/- 1,260","7,050","+/- 2,079","1,784","+/- 1,010","7,015","+/- 2,117",Texas,"17,262","+/- 4,235","21,347","+/- 4,027","16,934","+/- 3,475",665,+/- 411,"11,841","+/- 2,518",Texas,"25,096","+/- 3,707","4,772","+/- 2,307","12,193","+/- 2,896","1,852","+/- 1,213","6,569","+/- 2,088",Texas,"2,041","+/- 1,124","15,159","+/- 4,162",N/A,N/A,"4,688","+/- 1,721",568,+/- 515,Texas,"18,454","+/- 3,377","10,450","+/- 2,974","2,328","+/- 1,718","7,762","+/- 2,623","1,647",+/- 860,Texas,"217,392","+/- 13,621","6,274","+/- 2,310","2,741","+/- 2,063","208,377","+/- 12,926"
Utah,"2,894,001","+/- 2,899","2,407,608","+/- 16,818","374,578","+/- 14,902","90,234","+/- 8,541",365,+/- 366,Utah,"1,302",+/- 740,"8,362","+/- 2,371",119,+/- 147,"14,510","+/- 3,109","4,111","+/- 1,307",Utah,173,+/- 167,0,+/- 184,395,+/- 395,"2,920","+/- 1,368","1,139",+/- 577,Utah,"1,556",+/- 824,"7,021","+/- 2,591","1,227",+/- 704,535,+/- 388,568,+/- 461,Utah,193,+/- 287,0,+/- 184,220,+/- 236,162,+/- 193,304,+/- 238,Utah,"1,506",+/- 834,629,+/- 455,904,+/- 508,752,+/- 731,"2,174","+/- 1,597",Utah,898,+/- 657,535,+/- 560,"6,612","+/- 1,785",119,+/- 130,473,+/- 362,Utah,"1,621","+/- 1,279","2,059",+/- 999,"1,172",+/- 873,125,+/- 134,"1,893","+/- 1,240",Utah,614,+/- 372,"2,655","+/- 1,147","1,110",+/- 800,35,+/- 68,944,+/- 582,Utah,0,+/- 184,361,+/- 304,"5,780","+/- 2,174",N/A,N/A,138,+/- 215,Utah,"2,332","+/- 1,436","5,274","+/- 1,818",44,+/- 73,543,+/- 438,"3,750","+/- 1,552",Utah,"21,581","+/- 3,132",280,+/- 212,0,+/- 184,"21,301","+/- 3,098"
Vermont,"620,898",+/- 883,"536,915","+/- 4,667","59,850","+/- 3,939","22,635","+/- 2,419",0,+/- 147,Vermont,225,+/- 285,111,+/- 125,0,+/- 147,"1,222",+/- 591,645,+/- 435,Vermont,"1,167",+/- 453,16,+/- 35,0,+/- 147,"1,090",+/- 401,152,+/- 176,Vermont,0,+/- 147,0,+/- 147,224,+/- 149,134,+/- 228,61,+/- 103,Vermont,39,+/- 49,176,+/- 141,0,+/- 147,538,+/- 223,605,+/- 414,Vermont,"4,462","+/- 1,198",181,+/- 177,2,+/- 7,26,+/- 26,67,+/- 83,Vermont,413,+/- 444,0,+/- 147,47,+/- 79,"2,572",+/- 881,616,+/- 243,Vermont,105,+/- 107,"2,554",+/- 904,196,+/- 153,32,+/- 59,76,+/- 144,Vermont,62,+/- 105,252,+/- 243,"1,180",+/- 607,864,+/- 764,197,+/- 178,Vermont,147,+/- 163,151,+/- 159,462,+/- 359,330,+/- 502,N/A,N/A,Vermont,694,+/- 479,358,+/- 237,155,+/- 204,0,+/- 147,29,+/- 49,Vermont,"1,498",+/- 664,0,+/- 147,0,+/- 147,"1,498",+/- 664
Virginia,"8,224,054","+/- 4,721","6,891,144","+/- 29,452","995,822","+/- 26,452","262,477","+/- 12,503","2,654","+/- 1,027",Virginia,"2,656","+/- 1,265","3,605","+/- 1,115",57,+/- 67,"16,013","+/- 3,241","5,487","+/- 2,221",Virginia,"2,185",+/- 821,367,+/- 245,"12,511","+/- 3,091","22,478","+/- 3,914","8,802","+/- 2,072",Virginia,"2,729",+/- 954,679,+/- 536,"3,626","+/- 1,076","2,811",+/- 942,746,+/- 551,Virginia,"1,859","+/- 1,157","3,655","+/- 1,429","2,041","+/- 1,123","1,043",+/- 664,"28,071","+/- 3,761",Virginia,"4,821","+/- 1,999","2,608","+/- 1,047","3,606","+/- 1,507","1,999",+/- 810,"2,856","+/- 1,342",Virginia,389,+/- 423,753,+/- 568,"1,251",+/- 809,694,+/- 531,"9,182","+/- 2,207",Virginia,525,+/- 389,"16,980","+/- 2,776","22,191","+/- 3,481",444,+/- 432,"7,651","+/- 2,497",Virginia,918,+/- 518,"1,464",+/- 721,"14,296","+/- 2,282","1,350",+/- 721,"5,780","+/- 1,745",Virginia,158,+/- 241,"6,832","+/- 1,911","13,337","+/- 2,628","2,554","+/- 1,325",255,+/- 252,Virginia,N/A,N/A,"5,025","+/- 1,955","8,620","+/- 2,202","1,716",+/- 683,147,+/- 179,Virginia,"74,611","+/- 6,633","1,922",+/- 957,266,+/- 324,"72,423","+/- 6,709"
,,,,,,,,,,,,,,,,,,,,,,,,,,,,,,,,,,,,,,,,,,,,,,,,,,,,,,,,,,,,,,,,,,,,,,,,,,,,,,,,,,,,,,,,,,,,,,,,,,,,,,,,,,,,,,,,,,,,,,,,,,,,,,,,,
Washington,"6,979,369","+/- 3,884","5,757,065","+/- 26,180","934,922","+/- 23,276","220,259","+/- 13,044","1,640",+/- 795,Washington,"7,216","+/- 2,559","8,931","+/- 2,149","1,406",+/- 685,"40,085","+/- 5,554","6,779","+/- 2,016",Washington,"1,400",+/- 926,624,+/- 546,372,+/- 329,"7,190","+/- 2,049","4,536","+/- 2,739",Washington,"4,596","+/- 1,481","12,825","+/- 3,332","4,984","+/- 1,545","1,999",+/- 801,"1,943","+/- 1,165",Washington,"2,889","+/- 1,718","1,249",+/- 823,"1,203",+/- 755,745,+/- 425,"1,729",+/- 686,Washington,"2,003","+/- 1,013","2,276",+/- 864,"1,788",+/- 729,485,+/- 540,"2,992",+/- 997,Washington,"4,294","+/- 1,550",675,+/- 435,"4,969","+/- 1,607",91,+/- 118,"2,038","+/- 1,078",Washington,"2,461","+/- 1,620","6,630","+/- 2,509","4,868","+/- 2,231",905,+/- 606,"3,496","+/- 1,709",Washington,"1,876","+/- 1,474","26,582","+/- 3,998","3,117","+/- 1,226",400,+/- 522,"3,177","+/- 1,388",Washington,"1,577","+/- 1,528",967,+/- 480,"12,528","+/- 3,089","4,836","+/- 1,565",690,+/- 557,Washington,"6,427","+/- 2,654",N/A,N/A,258,+/- 251,"2,129",+/- 720,"1,383","+/- 1,026",Washington,"67,123","+/- 6,824",728,+/- 547,"1,034",+/- 614,"65,361","+/- 6,706"
West Virginia,"1,831,414","+/- 2,060","1,617,510","+/- 10,136","162,340","+/- 9,214","47,957","+/- 4,807",144,+/- 190,West Virginia,"1,797","+/- 1,418",298,+/- 398,526,+/- 821,"1,552",+/- 923,877,+/- 823,West Virginia,244,+/- 241,185,+/- 153,"1,078","+/- 1,063","2,815","+/- 1,021",690,+/- 544,West Virginia,0,+/- 187,0,+/- 187,182,+/- 177,507,+/- 434,0,+/- 187,West Virginia,0,+/- 187,"1,797","+/- 1,396",128,+/- 217,0,+/- 187,"5,834","+/- 1,836",West Virginia,150,+/- 155,347,+/- 295,147,+/- 171,184,+/- 251,390,+/- 422,West Virginia,252,+/- 343,0,+/- 187,28,+/- 47,0,+/- 187,"1,072",+/- 479,West Virginia,0,+/- 187,865,+/- 713,"2,579","+/- 1,345",46,+/- 59,"8,093","+/- 2,026",West Virginia,208,+/- 191,163,+/- 148,"4,834","+/- 1,588",0,+/- 187,639,+/- 649,West Virginia,0,+/- 187,619,+/- 481,"1,967","+/- 1,210",61,+/- 123,9,+/- 19,West Virginia,"6,334","+/- 1,954",0,+/- 187,N/A,N/A,316,+/- 317,0,+/- 187,West Virginia,"3,607","+/- 1,128",0,+/- 187,0,+/- 187,"3,607","+/- 1,128"
Wisconsin,"5,692,727","+/- 3,347","4,868,506","+/- 18,280","688,104","+/- 17,604","117,831","+/- 7,616",452,+/- 247,Wisconsin,473,+/- 357,"2,172",+/- 981,665,+/- 436,"6,428","+/- 1,728","1,458",+/- 549,Wisconsin,376,+/- 398,16,+/- 20,322,+/- 304,"4,337","+/- 1,844","1,407",+/- 679,Wisconsin,518,+/- 540,118,+/- 123,"30,423","+/- 3,703","2,636",+/- 826,"4,054","+/- 1,449",Wisconsin,403,+/- 300,489,+/- 285,47,+/- 46,221,+/- 363,551,+/- 382,Wisconsin,691,+/- 397,"5,593","+/- 1,495","20,758","+/- 2,898","1,142",+/- 612,"2,213",+/- 896,Wisconsin,403,+/- 389,584,+/- 372,"1,078",+/- 736,221,+/- 188,816,+/- 576,Wisconsin,187,+/- 178,"2,597","+/- 1,097","2,913","+/- 1,422",547,+/- 289,"3,100","+/- 1,685",Wisconsin,"1,112",+/- 716,599,+/- 383,"1,416",+/- 691,184,+/- 237,"1,739","+/- 1,151",Wisconsin,236,+/- 243,"1,534",+/- 791,"5,341","+/- 1,506","1,215",+/- 725,130,+/- 131,Wisconsin,"2,113",+/- 959,"1,717",+/- 801,70,+/- 97,N/A,N/A,16,+/- 24,Wisconsin,"18,286","+/- 2,702",937,+/- 749,48,+/- 79,"17,301","+/- 2,549"
Wyoming,"577,782","+/- 1,222","475,740","+/- 7,103","74,601","+/- 6,250","25,992","+/- 3,696",254,+/- 302,Wyoming,45,+/- 77,"1,799","+/- 1,111",557,+/- 528,"2,703","+/- 1,194","5,217","+/- 2,242",Wyoming,0,+/- 190,38,+/- 73,0,+/- 190,916,+/- 954,61,+/- 106,Wyoming,72,+/- 121,835,+/- 651,561,+/- 592,309,+/- 303,13,+/- 23,Wyoming,70,+/- 93,47,+/- 87,289,+/- 348,196,+/- 258,191,+/- 205,Wyoming,0,+/- 190,67,+/- 71,173,+/- 261,0,+/- 190,244,+/- 260,Wyoming,"1,342",+/- 755,429,+/- 316,658,+/- 767,0,+/- 190,0,+/- 190,Wyoming,747,+/- 678,190,+/- 241,18,+/- 40,869,+/- 674,0,+/- 190,Wyoming,44,+/- 53,316,+/- 359,9,+/- 20,0,+/- 190,8,+/- 17,Wyoming,664,+/- 505,364,+/- 402,"1,648",+/- 759,"1,290",+/- 628,0,+/- 190,Wyoming,140,+/- 132,"1,446",+/- 906,106,+/- 160,"1,047",+/- 906,N/A,N/A,Wyoming,"1,449",+/- 876,0,+/- 190,0,+/- 190,"1,449",+/- 876
,,,,,,,,,,,,,,,,,,,,,,,,,,,,,,,,,,,,,,,,,,,,,,,,,,,,,,,,,,,,,,,,,,,,,,,,,,,,,,,,,,,,,,,,,,,,,,,,,,,,,,,,,,,,,,,,,,,,,,,,,,,,,,,,,
Puerto Rico,"3,511,186","+/- 3,157","3,251,389","+/- 13,399","237,197","+/- 12,111","19,771","+/- 2,798",50,+/- 83,Puerto Rico,150,+/- 186,0,+/- 220,0,+/- 220,552,+/- 368,0,+/- 220,Puerto Rico,530,+/- 380,0,+/- 220,28,+/- 47,"4,299","+/- 1,307",228,+/- 237,Puerto Rico,177,+/- 229,0,+/- 220,111,+/- 126,0,+/- 220,0,+/- 220,Puerto Rico,0,+/- 220,68,+/- 132,0,+/- 220,0,+/- 220,189,+/- 220,Puerto Rico,"2,639",+/- 969,55,+/- 93,542,+/- 858,63,+/- 104,99,+/- 114,Puerto Rico,0,+/- 220,0,+/- 220,0,+/- 220,148,+/- 167,986,+/- 718,Puerto Rico,0,+/- 220,"2,507","+/- 1,163",542,+/- 442,0,+/- 220,321,+/- 392,Puerto Rico,36,+/- 47,69,+/- 113,"3,133","+/- 1,034",268,+/- 303,0,+/- 220,Puerto Rico,26,+/- 38,53,+/- 86,"1,255",+/- 826,0,+/- 220,0,+/- 220,Puerto Rico,258,+/- 241,180,+/- 294,0,+/- 220,209,+/- 328,0,+/- 220,Puerto Rico,"2,829",+/- 886,N/A3,N/A3,0,+/- 220,"2,829",+/- 886
Footnotes:,,,,,,,,,,,Footnotes:,,,,,,,,,,,Footnotes:,,,,,,,,,,,Footnotes:,,,,,,,,,,,Footnotes:,,,,,,,,,,,Footnotes:,,,,,,,,,,,Footnotes:,,,,,,,,,,,Footnotes:,,,,,,,,,,,Footnotes:,,,,,,,,,,,Footnotes:,,,,,,,,,,,Footnotes:,,,,,,,,,,,Footnotes:,,,,,,,,
1Incudes Puerto Rico and the District of Columbia,,,,,,,,,,,1Incudes Puerto Rico and the District of Columbia,,,,,,,,,,,1Incudes Puerto Rico and the District of Columbia,,,,,,,,,,,1Incudes Puerto Rico and the District of Columbia,,,,,,,,,,,1Incudes Puerto Rico and the District of Columbia,,,,,,,,,,,1Incudes Puerto Rico and the District of Columbia,,,,,,,,,,,1Incudes Puerto Rico and the District of Columbia,,,,,,,,,,,1Incudes Puerto Rico and the District of Columbia,,,,,,,,,,,1Incudes Puerto Rico and the District of Columbia,,,,,,,,,,,1Incudes Puerto Rico and the District of Columbia,,,,,,,,,,,1Incudes Puerto Rico and the District of Columbia,,,,,,,,,,,1Incudes Puerto Rico and the District of Columbia,,,,,,,,
2The estimates for the United States do not include Puerto Rico,,,,,,,,,,,2The estimates for the United States do not include Puerto Rico,,,,,,,,,,,2The estimates for the United States do not include Puerto Rico,,,,,,,,,,,2The estimates for the United States do not include Puerto Rico,,,,,,,,,,,2The estimates for the United States do not include Puerto Rico,,,,,,,,,,,2The estimates for the United States do not include Puerto Rico,,,,,,,,,,,2The estimates for the United States do not include Puerto Rico,,,,,,,,,,,2The estimates for the United States do not include Puerto Rico,,,,,,,,,,,2The estimates for the United States do not include Puerto Rico,,,,,,,,,,,2The estimates for the United States do not include Puerto Rico,,,,,,,,,,,2The estimates for the United States do not include Puerto Rico,,,,,,,,,,,2The estimates for the United States do not include Puerto Rico,,,,,,,,
"3Movers within Puerto Rico are included in the column labeled ""Same state of residence 1 year ago""",,,,,,,,,,,"3Movers within Puerto Rico are included in the column labeled ""Same state of residence 1 year ago""",,,,,,,,,,,"3Movers within Puerto Rico are included in the column labeled ""Same state of residence 1 year ago""",,,,,,,,,,,"3Movers within Puerto Rico are included in the column labeled ""Same state of residence 1 year ago""",,,,,,,,,,,"3Movers within Puerto Rico are included in the column labeled ""Same state of residence 1 year ago""",,,,,,,,,,,"3Movers within Puerto Rico are included in the column labeled ""Same state of residence 1 year ago""",,,,,,,,,,,"3Movers within Puerto Rico are included in the column labeled ""Same state of residence 1 year ago""",,,,,,,,,,,"3Movers within Puerto Rico are included in the column labeled ""Same state of residence 1 year ago""",,,,,,,,,,,"3Movers within Puerto Rico are included in the column labeled ""Same state of residence 1 year ago""",,,,,,,,,,,"3Movers within Puerto Rico are included in the column labeled ""Same state of residence 1 year ago""",,,,,,,,,,,"3Movers within Puerto Rico are included in the column labeled ""Same state of residence 1 year ago""",,,,,,,,,,,"3Movers within Puerto Rico are included in the column labeled ""Same state of residence 1 year ago""",,,,,,,,
MOE - Margin of error based on 90% confidence interval,,,,,,,,,,,MOE - Margin of error based on 90% confidence interval,,,,,,,,,,,MOE - Margin of error based on 90% confidence interval,,,,,,,,,,,MOE - Margin of error based on 90% confidence interval,,,,,,,,,,,MOE - Margin of error based on 90% confidence interval,,,,,,,,,,,MOE - Margin of error based on 90% confidence interval,,,,,,,,,,,MOE - Margin of error based on 90% confidence interval,,,,,,,,,,,MOE - Margin of error based on 90% confidence interval,,,,,,,,,,,MOE - Margin of error based on 90% confidence interval,,,,,,,,,,,MOE - Margin of error based on 90% confidence interval,,,,,,,,,,,MOE - Margin of error based on 90% confidence interval,,,,,,,,,,,MOE - Margin of error based on 90% confidence interval,,,,,,,,
N/A - Not Applicable,,,,,,,,,,,N/A - Not Applicable,,,,,,,,,,,N/A - Not Applicable,,,,,,,,,,,N/A - Not Applicable,,,,,,,,,,,N/A - Not Applicable,,,,,,,,,,,N/A - Not Applicable,,,,,,,,,,,N/A - Not Applicable,,,,,,,,,,,N/A - Not Applicable,,,,,,,,,,,N/A - Not Applicable,,,,,,,,,,,N/A - Not Applicable,,,,,,,,,,,N/A - Not Applicable,,,,,,,,,,,N/A - Not Applicable,,,,,,,,
For more information on state-to-state migration flows see http://census.gov/hhes/migration/data/acs/state-to-state.html,,,,,,,,,,,For more information on state-to-state migration flows see http://census.gov/hhes/migration/data/acs/state-to-state.html,,,,,,,,,,,For more information on state-to-state migration flows see http://census.gov/hhes/migration/data/acs/state-to-state.html,,,,,,,,,,,For more information on state-to-state migration flows see http://census.gov/hhes/migration/data/acs/state-to-state.html,,,,,,,,,,,For more information on state-to-state migration flows see http://census.gov/hhes/migration/data/acs/state-to-state.html,,,,,,,,,,,For more information on state-to-state migration flows see http://census.gov/hhes/migration/data/acs/state-to-state.html,,,,,,,,,,,For more information on state-to-state migration flows see http://census.gov/hhes/migration/data/acs/state-to-state.html,,,,,,,,,,,For more information on state-to-state migration flows see http://census.gov/hhes/migration/data/acs/state-to-state.html,,,,,,,,,,,For more information on state-to-state migration flows see http://census.gov/hhes/migration/data/acs/state-to-state.html,,,,,,,,,,,For more information on state-to-state migration flows see http://census.gov/hhes/migration/data/acs/state-to-state.html,,,,,,,,,,,For more information on state-to-state migration flows see http://census.gov/hhes/migration/data/acs/state-to-state.html,,,,,,,,,,,For more information on state-to-state migration flows see http://census.gov/hhes/migration/data/acs/state-to-state.html,,,,,,,,
"Source: U.S. Census Bureau, 2014 American Community Survey.  For more information on the ACS, see http://census.gov/acs",,,,,,,,,,,"Source: U.S. Census Bureau, 2014 American Community Survey.  For more information on the ACS, see http://census.gov/acs",,,,,,,,,,,"Source: U.S. Census Bureau, 2014 American Community Survey.  For more information on the ACS, see http://census.gov/acs",,,,,,,,,,,"Source: U.S. Census Bureau, 2014 American Community Survey.  For more information on the ACS, see http://census.gov/acs",,,,,,,,,,,"Source: U.S. Census Bureau, 2014 American Community Survey.  For more information on the ACS, see http://census.gov/acs",,,,,,,,,,,"Source: U.S. Census Bureau, 2014 American Community Survey.  For more information on the ACS, see http://census.gov/acs",,,,,,,,,,,"Source: U.S. Census Bureau, 2014 American Community Survey.  For more information on the ACS, see http://census.gov/acs",,,,,,,,,,,"Source: U.S. Census Bureau, 2014 American Community Survey.  For more information on the ACS, see http://census.gov/acs",,,,,,,,,,,"Source: U.S. Census Bureau, 2014 American Community Survey.  For more information on the ACS, see http://census.gov/acs",,,,,,,,,,,"Source: U.S. Census Bureau, 2014 American Community Survey.  For more information on the ACS, see http://census.gov/acs",,,,,,,,,,,"Source: U.S. Census Bureau, 2014 American Community Survey.  For more information on the ACS, see http://census.gov/acs",,,,,,,,,,,"Source: U.S. Census Bureau, 2014 American Community Survey.  For more information on the ACS, see http://census.gov/acs",,,,,,,,
